周明瑞,笔记本,轻纱,手枪,半睡半醒,血手印,墨迹,书桌,墨水瓶,太阳穴
周明瑞,穿越,血污,键盘,方术,伤口,煤气灯,便士,书桌,毛巾
周明瑞,梅丽莎,怀表,周日,学校,廷根技术学校,表盖,豌豆,面包,妹妹
周明瑞,纸币,斯林,温蒂,便士,面试,苏勒,海螺,手枪,廷根大学
周明瑞,占卜师,帐篷,纸牌,时而,驯兽师,福生,免费,洗牌,女子
周明瑞,鬼鲨,阿尔杰,阁下,奥黛丽,少女,海眷者,配方,见证,该怎样
周明瑞,阿尔杰,聚会,奥黛丽,塔罗牌,工具,主牌,二十二张,交感,地址
阿古希德,铁甲舰,阿尔杰,奥黛丽,安妮,普利兹号,大臣,首相,黄发,铜镜
土豆,笔记,黑麦面包,原主,韦尔奇,主食,娜娅,大碗,面试,自杀
警官,蒙巴顿,比奇,韦尔奇,灰眸,娜娅,教授,副教授,很幸运,警察
羔羊肉,梅丽莎,豌豆,土豆,洋葱,厨艺,汁水,盘子,肉汁,胡萝卜
韦尔奇,邓恩,警官,史密斯,住所,娜娅,灰眸,床板,马车夫,遗忘
邓恩,史密斯,专家,在梦里,韦尔奇,邪教,掐死,行驶,笔记,战胜
邓恩,戴莉,通灵者,艳蓝,韦尔奇,酒香,海面,史密斯,岛屿,四分之一
邓恩,文职人员,保密,史密斯,严格,文职者,中学,恐惧,路灯,更大
梅丽莎,道格,乌龟,莱特,贝西克街,酒馆,佣兵,邓恩,去哪里,押注
女孩,棕发,邓恩,罗珊,合同,印章,契约,小组,查尼斯门,史密斯
衍化,邓恩,创世,路径,神话,烟斗,诞生,失控,服食,薄荷叶
邓恩,等级,文献,保密,轮换,圣堂,保存,专业人士,总部,中央教堂
奥利安娜,尼尔,邓恩,罗珊,条子,太太,预支,史密斯,队长,猎魔
老尼尔,子弹,枪袋,三页,日记,腋下,弗洛纳尔夫人,他乡遇故知,罗塞尔大帝,手稿
罗珊,很厉害,不眠者,队长,起始,戴莉,三十多个,告别,通灵者,附和
店员,红马甲,便士,苏勒,梅丽莎,纸币,手杖,柜台,铁心木,找零
梅丽莎,科恩,赛琳娜,班森,便士,斯通,赛艇,小罐,面试,霍伊大学
科恩,报纸,主教,手杖,阿兹克,暗门,徽章,林荫道,副教授,不安感
班森,牧师,币制,邓恩,子弹,练习,罗珊,转轮,靶子,中年
班森,梅丽莎,弗兰奇,布丁,柠檬,牛肉,姜啤,豌豆浓汤,大黄,兄妹
邓恩,瘦削,击发,潜入者,慢一点,噗通,空弹,上铺,密修会,秘人
住房,班森,改善,协会,劳工,梅丽莎,阶层,对敌,住房公司,百分之五
斯卡特,班森,弗兰奇,梅丽莎,苏勒,押金,房租,盥洗室,兄妹,合约
老尼尔,铁锅,邓恩,小箱,银制,试管,滴管,黑木勺,纯水,老尼
老尼尔,颜色,星灵体,以太体,冥想,气场,精神体,灵视,物体,呈现
老尼尔,眉心,灵视,两下,开关,菜单,暗门,昏暗,练习,反复
阿尔杰,奥黛丽,鬼鲨,倒吊,气场,秋水,预付,芍药,虚握,精华
阿尔杰,秘密日记,观众,戏剧,文字,奥黛丽,罗塞尔大帝,日记,象形,钢笔
大臣,考试,奥黛丽,党派,制度,选举,政府,内阁,精英,事务性
想念,温蒂,斯林,俱乐部,冰茶,铁十字街,公寓,韦尔奇,太太,下街
格拉西斯,俱乐部,会员,会议室,漂亮,眉心,逆位,洗牌,塔罗牌,横放
罗珊,梅丽莎,布莱特,老尼尔,公共,孕育,苏勒,自杀,承载,毁掉
老尼尔,星座,白水晶,咖啡粉,象征,银链,两杯,一勺,咖啡,摆动
实验室,安妮,打字机,办公室,罗珊,七月,苏茜,经费,奥黛丽,金毛
罗珊,佣兵,安保,安保公司,维克罗尔,刻利,合约,伦纳德,小艾,略特
刻利,艾略特,小艾,手杖,管家,伦纳德,护符,卜杖,马车夫,略特
绑匪,艾略特,伦纳德,刻利,维克罗尔,吟唱,男子,酬金,楼梯,照旧
弗莱,邓恩,六点,收尸人,马车夫,伦纳德,老尼尔,马车,绑匪,佐特兰街
比伯,老尼尔,瑞尔,邓恩,警员,画像,住户,小壶,弗莱,笔记
老尼尔,奥利安娜,所得税,尼尔,市场,周薪,薪水,太太,早上,利润税
安洁莉卡,星盘,会议室,会员,海纳斯,占卜者,爱德华,凡森特,占卜术,俱乐部
爱德华,格拉西斯,占卜者,海纳斯,魔镜,会议室,启示,偏差,镜子,安洁莉卡
班森,老尼尔,梅丽莎,邻居,肖德,晨访,拜访,莱汀,小箱,妹妹
老尼尔,蜡烛,魔法,账单,圆桌,小刀,格言,象征,蜡烛道,第三根
老尼尔,皮夹,爵士,账单,德维尔,纹章,厨师,尼尔,魔法,钞票
邓恩,安洁莉卡,杰克,瑞尔,比伯,神性,何等,格拉西斯,凡人,秘人
安洁莉卡,图册,手相,会员,红茶,莫雷蒂,会议室,俱乐部,忧郁,格拉西斯
安娜,乔伊斯,灵数,迈尔,星盘,风车,相加,玩具,生日,绘制
安娜,乔伊斯,安洁莉卡,苜蓿号,韦恩,英雄,俱乐部,风车,蒸汽,未婚夫
自由发挥,四页,能级,转运,总结,梳理,祈求,格拉,夜之国,笔记
咒文,指向,星座,精确,废旧,指向性,倒吊,魔法,异世界,怀表
日记,通识者,邀请函,城堡,三页,财宝,罗塞尔大帝,阿尔杰,奥黛丽,扮演
石板,第二块,亵渎,阿尔杰,奥黛丽,观众,安提哥努斯,纪元,倒吊,灾变
奥黛丽,阿尔杰,咒文,倒吊,给出,神殿,符号,依据,祈求,魔法
格拉西斯,安洁莉卡,股票,合影,凡森特,眉心,星盘,药剂,咖啡,占卜师
乔伊斯,尤尼斯,迈尔,忽略,苜蓿号,解梦,松手,噩梦,莫雷蒂,神棍
奥黛丽,浴室,安安静静,特里斯,四根,小刀,精油,苏茜,苜蓿号,乔伊斯
资料,航海家,案例,进阶,名称,老尼尔,武器库,技巧性,明天晚上,法师
教唆者,特里斯,刺客,教派,班森,魔女,资料,梅丽莎,灵知,肉体
祈求,深红,灰雾世界,星辰,阿尔杰,画面,小刀,四团,我知道,咒文
老尼尔,彪形大汉,步枪,酒吧,特里斯,搞不懂,灵感,牛齿,芍药,摊位
护身符,摊主,咒文,厄难,银饰,两三件,苏勒,半成品,健康,护符
梅丽莎,罗切尔,教唆者,邓恩,班森,裙子,太太,罗珊,特里斯,伸展
哈森,箱子,屈臂,艾尔,邓恩,洛络塔,伸展,瑞尔,比伯,博尔吉亚
哈森,艾尔,木偶,仓库,邓恩,火球,黄水晶,运动,吊坠,银链
燕尾服,艾尔,小丑,洛络塔,哈森,仓库,木箱,吟诵,邓恩,命中
比伯,洛络塔,博尔吉亚,艾尔,邓恩,哈森,箱子,怪物,子弹,灰白
燕尾服,小丑,木棍,木偶,艾尔,唤醒,洛络塔,哈森,银链,福生
艾尔,博尔吉亚,燕尾服,哈森,邓恩,小丑,天蓝色,洛络塔,伦纳德,药剂
邓恩,艾尔,博尔吉亚,洛络塔,哈森,两三米,比伯,燕尾服,小丑,瑞尔
弗莱,邓恩,老尼尔,艾尔,燕尾服,尸体,小丑,洛耀,洛络塔,铅笔
血球,尸体,霍纳奇斯,弗莱,邓恩,洛络塔,燕尾服,腕部,扣住,呢喃
罗珊,梅丽莎,专著,邮费,班森,邓恩,赛琳娜,圣堂,书本,乔瑟夫
乔伊斯,安娜,博格达,手术,格斗,卡片,管理员,老尼尔,秘人,鲁恩人出版社
博格达,安洁莉卡,罗森,肝部,手术,草药,莫雷蒂,老板,弗拉德街,药剂
博格达,班森,银饰,梅丽莎,护身符,老板,草药,谢尔敏,药剂,罗森
赛琳娜,护身符,梅丽莎,伍德,伊丽莎白,班森,克里斯,妹妹,晚宴,安慰剂
赛琳娜,伊丽莎白,梅丽莎,镜子,爱好者,黑绿,起居室,尤妮娜,内存,魔镜
赛琳娜,伊丽莎白,小碗,银匕,中断,厄难,蜡烛,咒文,第三根,祈求
赛琳娜,伊丽莎白,咒文,穴道,魔镜,海纳斯,神秘学,简化,凡森特,英灵
伊丽莎白,赛琳娜,梅丽莎,邓恩,海纳斯,凡森特,入队,班森,赫密斯文,十字架
爵士,德维尔,托勒,督察,骚扰,盖特,见习,呻吟,总监,银星
德维尔,爵士,海莉叶,怨念,托勒,抽搐,督察,工厂,浅白,哭泣
海莉叶,德维尔,爵士,卡伦,女工,苏勒,工厂,铅中毒,布袋,工人
德维尔,爵士,邓恩,群体性,癔症,盖特,中毒,警长,三十五位,狗叫
奥黛丽,阿尔杰,查拉图,半年,造物主,三年,扮演,日记,消化,炼金会
小号,苦修,阿尔杰,摩斯,贤者,组织,隐匿,密修,堕落,神殿
博格达,安洁莉卡,罗森,弗拉德街,木乃伊,药师,格拉西斯,接待,草药,药剂
邓恩,戴莉,通灵者,递进,梦魇,罗珊,三年,队长,大餐,午夜
高文,格斗,香槟,伦纳德,高文先生,西迦,邓恩,黑胡椒汁,练习,便士
阿兹克,酸痛,梅丽莎,巧合,主峰,教授,霍纳奇斯,科恩,壁画,肌肉
被绑架案,艾略特,吊坠,灵摆,语句,巧合,黄水晶,内幕,乱跳,引导
韦尔奇,笔记,凡森特,海纳斯,安提哥努斯,小丑,瑞尔,家族,比伯,圆滚滚
安洁莉卡,画像,凡森特,海纳斯,斯维因,这个人,梦见,邓恩,恶龙,占卜俱乐部
借阅,期刊,德维尔图书馆,格莱林特,管理员,女巫,凡森特,摊位,斯维,温文
西里斯,海纳斯,豪尔斯,管理员,期刊,阿瑞匹斯,凡森特,韦尔奇,街区,肉瘤
安提哥努斯,西里斯,海纳斯,家族,羔羊,皮夹,佐证,信纸,笔记,宝藏
西里斯,圣夜粉,邓恩,海纳斯,秘祈人,倾听者,极光,科恩黎,老尼尔,残留
亨利,侦探,事务所,西里斯,班森,梅丽莎,米饭,领子,烟囱,餐厅
格莱林特,佛尔思,暴风山庄,奥黛丽,格莱林,安妮,沃尔,茜茜,特子爵,备受
布偶,查尼斯门,宫廷,小说,杂志,帕斯河谷,值守,厄运,玩具,茜茜
洛耀,伦纳德,查尼斯门,查尼斯,布偶,科恩黎,值守,厄运,推理,圣赛琳娜
梅丽莎,图案,讲座,安提哥努斯,宝藏,邓恩,布偶,伊丽莎白,巨人语,小礼堂
赛琳娜,伊丽莎白,梅丽莎,俱乐部,赛薇娅拉,讲座,安洁莉卡,标题,家庭,哈罗德百货商店
梦见,阿兹克,有时候,迪尔查,当事人,律师,借贷者,一世,严重伤害,遗忘
宠物,苏茜,阿兹克,奥黛丽,倒吊,日记,韦尔奇,请客,石油,科恩
阿尔杰,石油,避孕套,爱国,奥黛丽,三分之一,厕所,灵知,仲裁,正义小姐
克里斯蒂娜,格拉西斯,兰尔乌斯,星盘,俱乐部,投资,占卜师,贪求,下午,金额
兰尔乌斯,梅高欧丝,克里斯蒂娜,罗珊,亨利,孩子,诈骗犯,收据,愤慨,姑娘
达斯特,医生,亨利,古德里安,证件,格林赫尔疯人院,限度,炼金会,值夜者,警官
高文,毛巾,浆洗,伦纳德,达斯特,杂活,格斗,事件,女工,训练
劳维斯,伦纳德,比奇,蒙巴顿,弗莱,地铺,火柴盒,铁十字街,长官,太太
劳维斯,济贫院,弗莱,索尔斯,太太,伦纳德,贫民,下葬,院长,西区济贫院
伦纳德,索尔斯,劳维斯,弗莱,祭台,死亡,太太,恶魔,邪神,主角
弗莱,伦纳德,河流,二层,灰蓝色,塔索克河,西南角,车夫,西区,小楼
特莉丝,弗莱,鲜花,祭台,指甲,神像,伦纳德,脚踝,阴冷,邓恩
邓恩,特里斯,木偶,镜子,幽影,幸存者,栅栏,幽魂,民俗小调,祭台
特里斯,教唆者,邓恩,特莉丝,伦纳德,弗莱,教派,魔女,画像,工作餐
特莉丝,列车,蒸汽,老尼尔,队长,罗珊,万能,维尼亚,好消息,车次
邓恩,老尼尔,队长,轻叩,铺垫,符咒,马戏团,不该,仿效,灵视
高文,格斗,顾客,市场,老尼尔,枪械,恶龙,阿德米索尔,地下,老者
斯维因,老尼尔,货船,怪物,斯维,代罚者,符咒,黏液,砰砰砰,裂口
好累,和解,这本书,微博,人气,我心中,更新,作者,感言,小说
老尼尔,迪尔查,做菜,兜帽,梅丽莎,奥黛丽,杂活,女仆,安妮,格莱林
奥黛丽,黑板,纸条,特子爵,格莱林,迪尔,观众,仲裁,迪尔查,格莱林特
伊丽莎白,阿德米索尔,苏茜,红玛瑙,想死,古堡,零食,会议室,拉姆德,私房钱
伊丽莎白,邓恩,阿德米索尔,拉姆德,红玛瑙,符咒,占卜房,薄片,魂类,好麻
弗莱,邓恩,古堡,怨魂,阔剑,黑雾,十五米,小镇,圣徽,吐血
古堡,棺材,邓恩,弗莱,初代,死者,怨魂,地下室,尸变,祖父
阿兹克,黄发,初代,拉姆德,油画,爷爷,一场场,肖像,古董,中年
白银,戴里克,直剑,棺材,巨人语,停尸,宿命,遗弃,水晶球,灾变
白银,戴里克,牧羊人,名称,白银之城,巨人,角斗士,城子民,少年,耳语者
弗莱,圣徽,拉姆德,变异,邓恩,金色,液体,小树林,高品阶,具现
永恒烈阳,金色,尾羽,配方,神血,日炎,作死,空间,汁液,恐怕
达斯特,弗莱,靶场,见面,番茄牛尾汤,羊排,土豆泥,在梦里,梦魇,邓恩
达斯特,欧根,扮演,胡德,疯人院,安提哥努斯,配方,炼金,戴莉,读心者
伊丽莎白,孤狼,巨人语,戴里克,小丑,高层,应当,一千次,保养,申请
补偿,读心者,银行,清算,配方,歌颂者,正义,奥黛丽,账户,一两条
首相,阿尔杰,极光,下院,上院,选拔,终极,国王,倒吊,第二块
牧羊人,齐林格斯,灵魂,秘祈人,饥饿,阿尔杰,戴里克,吞噬,打动,蠕动
调查报告,戴莉,咖啡馆,烟囱,租客,亨利,面孔,半透明,十五处,更替
戴莉,扮演,召唤物,半透明,通灵者,邓恩,脸孔,三年,魔法,多一个
阿兹克,老尼尔,邓恩,镇民,队长,拉姆德,武器库,自修,排查,古堡
阿兹克,棺材,教员,拉姆德,古堡,废弃,黑雾,城堡,阶梯,啼哭
阿兹克,班森,灵异,考试,小镇,记忆,人生,古堡,古典文学,哈欠
邓恩,召唤,般地,成型,咒文,静静地,光纹,队长,大门,衣裙
俱乐部,安洁莉卡,罗珊,姐妹,推理,佛尔思,忍心,参考,总结,归纳
申请,特别,邓恩,伦纳德,队长,办公室,西迦,科恩黎,特昂,弗莱
达斯特,疯人院,病患,欧根,邓恩,老尼尔,胡德,读心者,查尼斯门,看守
杂活,伊丽莎白,梅丽莎,班森,烹饪,女仆,协会,厨艺,年轻,要求
艾辛格,婚姻,梅丽莎,订婚,两鬓,齐林格斯,成熟,班森,助手,心跳
密文,读心者,账户,奥黛丽,贝克兰德银行,日记,配方,戴里克,通识,幽灵兔
齐林格斯,温床,倒吊,邪神,降生,给付,强者,正义,阿尔杰,赐予
莫尔斯,科恩黎,伦纳德,小镇,邓恩,闹鬼,几起,教士,斯艾尔,真美
诺阿,镇民们,科恩黎,伦纳德,大蒜,鬼魂,圣水,银匕,死神,看守
刻刀,永恒烈阳,金片,阳炎,阳光,符咒,太阳花,圣坛,金手柑,生病
老尼尔,洛耀,邓恩,罗珊,钢琴,发丝,探望,影响者,单身,上半年
老尼尔,邓恩,黏稠,洛耀,回去吧,还记得,血色,发誓,四只,液体
老尼尔,高文,邓恩,布莱特,一铲,墓碑,墓坑,弗莱,墓志铭,拉斐尔
克雷斯泰,塞西玛,高级执事,考查,炼金室,领口,测试,噪音,吟唱,竖着
克雷斯泰,箱子,塞西玛,高级执事,骨剑,一代,名称,圣物,短剑,圣剑
克雷斯泰,铁锅,人脸,塞西玛,羊角,有害,哈哈哈,霍纳奇斯,液体,纯水
小丑,克雷斯泰,塞西玛,格斗,娱乐,荒诞,法术,好手,协调性,塞西玛阁下
阿兹克,雪茄,邓恩,可控,铜哨,死神,富集,莫尔斯,叮当,此事
贝拉,周薪,高文,白面包,报纸,邓恩,七八年,班森,阅读,锡伯红茶
托勒,梅纳德,议员,督察,尸检,马戏团,客房,荷荷声,昨晚,邓恩
梅纳德,托勒,活尸,议员,薄片,铜哨,雪伦,死因,口袋,活尸化
托勒,梅纳德,达斯特,雪伦,夫人,督察,控告,疯人院,议员,欧根
欧根,胡德,达斯特,梅丽莎,兰尔乌斯,班森,炼金会,疯人院,七月初,探望
小包,想念,苏茜,皮制,亲爱,信使,舌头,奥黛丽,金毛,拉链
达克霍姆,地租,土地,谷物法案,佛尔思,手链,捐赠,齐林格斯,亲爱,石头
齐林格斯,佛尔思,奥黛丽,股东,黑狗,好险,达克霍姆,金毛,报警,眷者
七彩蜥龙,岛屿,原始,坐标,灭绝,阿尔杰,日记,替代,倒吊,奥黛丽
倒吊,神弃,遗弃,阿尔杰,巨人,献祭,黑面草,造物主,被遗弃,星辰
金片,符咒,帘布,抓起,阳炎,阳炎符咒,携带,稳固,光纹,试验
工厂,阳炎,白骨,下街,飞行,召唤,灰暗,齐林格斯,阿兹克,挨着
沟通,五根,技巧,通灵,尖牙,梅丽莎,理智,通灵者,潜意识,说真话
欧根,邓恩,胡德,药水,疯人院,查尼斯门,看守,队长,申请,过道
欧根,胡德,蛋糕,一刻,心灵世界,兰尔乌斯,呆呆,药水,光与影,祭台
欧根,胡德,兰尔乌斯,邓恩,队长,极光,鳞片,史密斯,疯人院,时而
献祭,人生里,阿兹克,具备,象征,符号,反锁,通道,恶魔们,国度
齐林格斯,格拉米尔,香水,男爵,大厅,中调,霍尔,舞会,奥黛丽,宾客们
格拉米尔,齐林格斯,尼根公爵,舞会,男爵,阿尔杰,混入,祈求,正义,伯爵归来
齐林格斯,尼根公爵,灵魂,吊灯,舞池,尼根,水晶,右拳,五个,牧羊人
齐林格斯,斯内克,骸骨,阿尔杰,水面,尼根公爵,艾斯,刺杀,府邸,情报
齐林格斯,尼根公爵,号外,强者,赏金,阿古希德,爸爸,霍尔,眷属,斯内克
齐林格斯,佛尔思,号外,击毙,尼根公爵,报童,休深,悬赏,廷根晨报,保镖
雪伦,瘦弱,夫人,跟踪,监控,邓恩,梅纳德,头目,黑帮,暂停
雪伦,夫人,保险柜,梅纳德,开锁,黄水晶,吊坠,暗格,密室,约翰
雪伦,夫人,镜子,科恩黎,邓恩,魔女,教派,等级,通灵者,保险柜
雪伦,科恩黎,夫人,邓恩,镜子,通灵者,队长,全身镜,拖入,远距离
雪伦,夫人,科恩黎,细丝,镜子,黑焰,通灵者,符咒,翻滚,一朵
雪伦,夫人,科恩黎,纸牌,邓恩,子弹,猎魔,黑焰,眉心,蚕茧
雪伦,夫人,梅纳德,议员,欢愉,魔女,战争,魅欲,女巫,名称
队长,科恩黎,雪伦,弗莱,邓恩,戴莉,夫人,奥尔斯纳街,佐特兰街,尸体
科恩黎,邓恩,史密斯,祈求,巨手,队长,白骨,语句,灵摆,未婚妻
暗格,异种,豪尔斯,上司,吸血鬼,伦纳德,互换,街区,前兆,橡木
兰尔乌斯,炸弹,梅高欧丝,伦纳德,梅纳德,雪伦,市长,夫人,瘦弱,梅高欧丝小姐
梅高欧丝,奥利安娜,兰尔乌斯,邓恩,巧合,队长,求援,罗珊,圣赛琳娜,伦纳德
邓恩,查尼斯门,毒药,血管,特昂,死亡之门,窃取者,西迦,毒死,梅高欧丝
邓恩,梅高欧丝,阿德莱德,小伊特,队长,定律,科恩黎,伦纳德,自私,承载物
梅高欧丝,骨刀,血管,两半,邓恩,骨灰盒,亵渎,伦纳德,金片,圣赛琳娜
梅高欧丝,骨灰盒,圣赛琳娜,邓恩,细线,心脏,史密斯,啼哭,伦纳德,婴儿
西里斯,兰尔乌斯,梅高欧丝,邓恩,比伯,笔记,子嗣,欧根,因斯,瑞尔
伦纳德,梅丽莎,西迦,墓坑,班森,特昂,门票,流泪,三张,哥哥
赞格,圣赛琳娜,因斯,队长,威尔,大河,骨灰,看门人,写下,那天
第一部,梅丽莎,班森,兰尔乌斯,三章,第二部,存稿,赞格,因斯,妹妹
二等座,皮箱,三等座,车厢,售票员,地铁,列车,金表,巨鲨,年票
萨默尔,太太,车厢,斯塔琳,三等,朱利安,女仆,高原,红茶,周薪
贝克兰德邮报,便士,买到,日记,巡逻队,倒吊,私家侦探,忽地,某某,圣夜粉
定律,实战型,冥皇,推导,第四纪,皇帝,夜皇,四皇之战,神灵,四皇
常识,定律,罗塞尔,日记,政变,倒吊,奥黛丽,事变,共和国,六页
密修会,密修,奥黛丽,陵寝,相近,阿尔杰,猎魔者,倒吊,报酬,补偿
献祭,倒吊,正义,含有,阿尔杰,祈求,塔罗,奥黛丽,有利,通道
阿尔杰,奥黛丽,脑垂体,苏茜,祈求,七彩蜥龙,颗粒,不断,烈风,献祭
多丽丝,布罗迪,老太太,泽瑞尔,于尔根,大男孩,侦探,橱柜,年轻人,委托
伊恩,泽瑞尔,侦探,合同,大男孩,铜币,小沙发,面额,侦探们,钞票
泽瑞尔,插销,通灵,伊恩,男子,默尔索,老鼠们,克拉格,短发,竖直
伊恩,泽瑞尔,下水道,格莱林,尸体,佛尔思,信封,奥黛丽,艳羡,铁盖
佛尔思,尊名,娇小,考查,抄写,新型,冷水,辨识,错误,密码
雷帕德,默尔索,交通工具,新型,合同,发明,杠杆,轮子,零件,投资
默尔索,制式,合同,翻滚,伊恩,双腿,赖特,大使,膝盖,茶几
默尔索,警员,警长,报警,大使,匕首,圆脸,合同,现场,棕眸
审讯,鞭子,默尔索,警长,配方,硬壳,卖家,佛尔思,辨认,条目
于尔根,卢克,亏损,萨默尔,保释金,斯塔琳,律师,私家侦探,合同,周薪
卡斯帕斯,桌球,坎立宁,啤酒,面具男,治安,杆子,而入,牌客,酒吧
伊恩,赖特,卡斯帕斯,录像,大使,男子,娇小,下落,高低床,癫狂
猎人,伊恩,大使,街心,朝向,纸张,赖特,泽瑞尔,默尔索,电报局
于尔根,线虫,多丽丝,大使,碎纸机,浓汤,豆子,芜菁,蒂斯共和国,合同
大使,贝克朗,眷者,任务,蒂斯共和国,颁布,奥黛丽,正义,出征,赏金
命运,遗传,纳斯特,日记,查拉图,先知,萨维尼,新航道,所罗门,罗塞尔
巨龙,奥黛丽,一族,祈光人,空想,安格尔威德,必将,戴里克,历史,交流
卡斯帕斯,大使,线虫,两镑,贝克朗,密修会,嘉丽雅,面具,十几个,赖特
药师,智慧,两瓶,黑蛇,疑似,武器,锯肉刀,四瓶,深红色,有效期
黑蛇,卡斯帕斯,耳朵,木盒,触手,药师,马里奇,纸牌室,一对6,智慧
贝克朗,康斯,红砖巷,大使,奥黛丽,斯塔琳,玛丽,蒂斯,相机,萨默尔
多拉古,盖尔,会员,馅饼,相机,卜杖法,备用,克拉格俱乐部,棕黄,车夫
马里奇,大使,会费,佛尔思,任务,污秽之语,大买卖,玛丽女士,贝克朗,玛丽
无暗者,大使,主祭,预言家,塔利姆,贝克朗,玛丽,操纵师,祖父,乐谱
玛丽,嫁妆,红马甲,多拉格,克拉格俱乐部,会员,会费,账户,男仆,财产
伊恩,泽瑞尔,大使,上司,手稿,侦探,假牙,差分机,九处,军情
贝克朗,艾琳,伊恩,罗萨戈,手稿,大使,军情九处,军情,九处,警长
贝克朗,艾琳,牧羊人,蔷薇主教,长枪,火焰,书册,血色,武官们,滴落
罗萨戈,法辛,女子,警长,通灵,符咒,污秽之语,宫廷,挣扎,尸体
罗萨戈,保镖,千面,狩猎者,价值,长足,公证,遗物,无面人,符咒
罗萨戈,武官,保镖,贝克朗,尸体,大使,血污,警察,吓坏,制服
保镖,吸引,卷烟盒,铁制,罗萨戈,安提哥努斯,贝克朗,极光,大使,恐怖组织
艾丽卡,女仆,闪光,泰勒,罩体,尾款,相机,极光,多拉古,红马甲侍者
艾丽卡,艾伦,多拉古,丝袜,拍照,相机,便携性,保镖,苏勒,煎蛋
药师,黑蛇,卡斯帕斯,野兽,上次,下水道,南威尔,纸牌室,啤酒,智慧
药师,智慧,代号,缺陷,买到,七神教会,价格,镇静剂,辨识,间隔
卡特,米勒,恶魔,保镖,老派,绅士,巷口,铜币,三十多年,良知
米勒,石门,甬道,卡特,玛丽,威廉姆斯街,斯塔琳,手提包,侦探,大厅
平台,保镖,图铎,马灯,烛台,两张,座椅,第四纪,论文,并列
保镖,石门,马灯,火光,六位,雕像,恶灵,甬道,铜哨,约束
米勒,保镖,卡特,恶灵,庞德,巨龙,战争,报警,波特,几十年前
考试,班森,贝拉,梅丽莎,职位,保镖,假人,庞德,报名,十二月
博诺瓦,小号,夏尔,庞德,贝尔纳黛,奥黛丽,考查,六页,大人物,任务
索伦,家族,弗洛朗,亵渎,天赋,两千年,罗塞尔,曾曾,大灾变,二十二条
贝克朗,树人,奥黛丽,报酬,正义,倒吊,配方,价值,黑豹,委托
奥黛丽,破落,女巫,小号,等价,单独,男性,魔女,正义,欢愉
停尸房,尸体,下葬,铁柜,墓园,铜哨,安魂,医院,棺材,尸变
奥黛丽,小包,特子爵,格莱林,委托,塔利姆,皮制,苏茜,马术,格斗
迈克,塔利姆,约瑟夫,站街女郎,连环,报道,教师,杀人案,每日观察报,调查
迈克,洛佩兹,打手,约瑟夫,女孩,侧门,金玫瑰,希贝尔,跳舞,合法
艾辛格,卡斯帕斯,斯坦顿,马里奇,卡平,保镖,洛佩兹,烟斗,西维拉斯场,助手
短板,智慧,戒指,药师,配方,以下,兜帽,擅长,祈光人,战力
武器,飓风,配方,斧头,出价,药师,盒子,收尸人,雷暴雨,百分之五十
威廉姆斯,庞德,萨默尔,一半一半,酒馆,女仆,太太,东区,重疾,戒酒
拉夫特,庞德,老子爵,男爵,西维拉斯,质地,建筑,程序,西维拉斯场,地下
庞德,拉夫特,威廉姆斯,黑影,图铎,老子爵,迈克,家族,玛丽,恶灵
卡斯帕斯,爆破,莎伦,保镖,卡特,专家,米勒,马里奇,炸药,武器
米勒,三具,警犬,卡特,莎伦,警员,活尸,垮塌,盘查,入口
吉恩,盖文,兰尔乌斯,威廉姆斯,于尔根,警局,船坞,案发现场,非法,联盟
案发现场,公寓,教室,细线,四具,溯源,三楼,学士服,男尸,达拉维街
中老年,男子,济贫院,采访,卷烟,茶水,流浪汉,奥黛丽,好工人,相片
工会,伯顿,兰尔乌斯,码头,船坞,酒馆,于尔根,忍耐,淡黄头发,罢工
兰德,采访,记者,兰尔乌斯,办公室,便签,记者证,贝克兰德日报,造物主,工会
塞西玛,兰尔乌斯,骨剑,小楼,飞空艇,值夜者,神性,血肉,钟楼,船坞
兰尔乌斯,塞西玛,小楼,树苗,极光,飞空艇,骨剑,愚蠢,神性,克雷斯泰
兰尔乌斯,纸牌,一记,拳头,一拳,小丑,塔罗牌,飞刀,脖子,哈哈哈
兰尔乌斯,塔罗牌,尸体,徽章,无头,凯文,诈骗犯,住客们,特效药,黑暗视觉
兰尔乌斯,塞西玛,执事,温床,克雷斯泰,格莱林特,调查,举报者,戴莉,塔罗牌
工厂区,温床,东区,书里,书签,日记,正义,挽救,盛会,邪纹
配方,残缺,倒吊,邪纹,黑豹,无暗者,顶层,阿尔杰,脊髓液,髓质
恶魔,阿尔杰,奥黛丽,倒吊,海盗,摩斯苦修会,自称,深渊,七位,杀人案
徽章,河谷,白银城,巴布尔,邪神,造物主,光束,此物,即可,真谛
雷帕德,摇铃,峭壁,成本,死号,船只,长桥,阿尔杰,第二期,原稿
苏茜,根茎,树人,脊髓液,黑豹,消化,七彩蜥龙,奥黛丽,汁液,消化魔药
法术,满月,魔术师,细管,看家本领,凸肚,纸人,替身,保命,三十米
呓语,佛尔思,满月,救救,求救,座位,侵害,痛苦,青铜,光圈
洛戈,明天下午,马戏团,卡罗曼,亚特鲁,叮当,呓语,佛尔思,计划,凶手
亚特鲁,斯图亚特,洛戈,卡斯兰娜,莉迪亚,侦探,卡罗曼,莫里亚蒂,珠宝,火柴
亚特鲁,灵舞,黑猫,舞蹈,鬼魂,韵律,社团,感悟,少年,密契
死尸,少年,黑袍,树林,男女们,亚特鲁,卡斯兰娜,跑着,斯图亚特,男女
药师,镇静剂,鉴定,线索,髓质,现金,野狗,结晶,聚会,四支
考普斯蒂,普斯蒂,灵舞,墓穴,减刑,铜哨,拉扯,尸体,家长,晕倒
考普斯蒂,羽毛,驯化,驯兽师,墓穴,白色,薄饼,苏茜,药师,铜哨
艾辛格,斯图亚特,连环,侦探,私家侦探,杀人案,希贝尔,罪犯,作案,斯坦顿
乌特拉夫斯基,嫌疑人,主教,连环,妓女,杀人案,案子,弗萨克帝国,单身,间海
乌特拉夫斯基,主教,实质化,黎明骑士,战斗,母神,感化,神秘度,传教,半根
乌特拉夫斯基,巨剑,空气弹,横扫,主教,火柴盒,双腿,火柴,赤红,四分五裂
乌特拉夫斯基,万能钥匙,主教,蜡烛,迷路,十二个,卢克,抽血,神父,针头
希伯特,霍尔,议员,影响力,上院,大气污染,萨默尔,诈尸,蓝天,被害者
恶魔,守护者,戴里克,造物主,动物,变异,伤害,情报,冷血,佛尔思
戏法,佛尔思,药师,大师,配方,日记,奥黛丽,魔术师,罗塞尔,正义
弗雷格拉,佛尔思,戴里克,魔狼,奥黛丽,霍纳奇斯,单独,神灵,扮演,正义
异种,黑夜魔狼,戴里克,囚犯,弗雷格拉,役使,不死鸟,万能钥匙,转换,莎伦
乌特拉夫斯基,动物,地下室,主教,有时,吸血鬼,洛薇雅,戴里克,万能钥匙,于尔根
吸血鬼,地下室,撒谎,乌特拉夫斯基,神父,万能钥匙,迷路,主教,感谢你,斯图亚特
讲解员,书签,手稿,展厅,展柜,图书,罗塞尔,罗塞尔大帝,抽水,女性
书签,讲解员,亵渎,展厅,罗塞尔,验证,手稿,大帝,图书,破坏
书签,讲解员,麦克斯,耳钉,奥黛丽,利维摩尔,展厅,手稿,阻力,罗塞尔
博物馆,书签,安保,展厅,麦克斯,积木,人员,路程,储物室,一户
展厅,书签,麦克斯,利维摩尔,眼球,博物馆,细缝,模型,队员,灵体
第323章,刺激,夜晚,,,,,,,
巨犬,恶魔,豌豆藤,黑狗,第12起,救命,行驶,万能钥匙,书签,杀人
书签,罗塞尔,皇帝,亵渎,弗萨克语,九座,开启,陵寝,趣味,贝尔纳黛
书签,亵渎,霍拉米克,麦克斯,博物馆,万能钥匙,海顿,被盗,展物,目击者
塔利姆,艾伦,走运,股票,爱上,艾辛格,斯坦顿,大侦探,本事,作者
艾伦,走运,塔利姆,驯兽师,神秘学,不幸,手术,黑熊,建议,逗乐
巨犬,恶魔,气场,呵斥,颜色,表演,喝彩,马车,驯兽,药师
于尔根,布罗迪,奶奶,律师,多丽丝,黑猫,卖相,街道,大厨,刀叉
卡斯帕斯,马里奇,老大,莎伦,凸出,一半一半,桌球,黑帮,黑市,陷阱
莎伦,马里奇,成型,欲望,理念,正统,越好,追溯,组织,放纵
马里奇,狼人,囚犯,莎伦,活尸,疯子,诅咒,异种,史蒂夫,法术
公证书,莎伦,得当,马里奇,表演,佛尔思,格莱林,奥黛丽,九点,空白
格莱林,格莱林特,池子,跟踪,特子爵,跟踪者,奥黛丽,佛尔思,聚会,口罩
药师,野蛮人,兽类,超凡,配方,子弹,参与者,铁盒,巨蛛,丝腺
女巫,楼梯,求购者,欢愉,子弹,威尔迪街,铜哨,万能钥匙,小偷,脖子
家族,亚伯拉罕,学徒,诅咒,荣光,满月,笔记,四皇,血脉,伯特利
斯图亚特,艾辛格,专利,侦探,佛尔思,赏金,雷帕德,斯坦顿,黛拉,卡斯兰娜
万能钥匙,满月,莎伦,诺玛,艾辛格,求救,品种,神父,斯坦顿,乌特拉夫斯基
阿鲁卡尔德,伊思兰特,大月,诺玛,大年,布罗迪,黑猫,奥黛丽,夫人,莎伦
斯塔琳,艾伦,玛丽,佛尔思,宴会,孩子,靶场,卢克,老太太,父亲
纸牌,奥黛丽,单独,亵渎,佛尔思,倒吊,魔术师,心理,罗塞尔,配方
神庙,白银城,造物主,长老,阿尔杰,戴里克,建议,一千年,堕落,壁画
佩戴者,佛尔思,纸条,夫人,侍者,两块,黑板,聚会,伯爵,手链
胸针,智慧,塔利姆,贿赂者,太阳鸟,圣水,配方,十三个,子弹,迈克
迈克,胸针,牛奶,净化,神圣,莎伦,约瑟夫,擅于,早餐,新闻
马里奇,莎伦,仓库,囚笼,驱邪,空地,船坞,泰尔,纸条,史蒂夫
杰森,泰尔,狼人,马里奇,莎伦,月冕,史蒂夫,深红,活尸,腐烂
杰森,史蒂夫,月冕,泰尔,活尸,怨魂,狼人,胸针,披风,深红
史蒂夫,月冕,幽影们,莎伦,活尸,毒素,深红,砰砰,马里奇,子弹
史蒂夫,莎伦,泰尔,空地,烟花,月冕,獠牙,狼人,藤蔓,母样
伊康瑟,狼人,银镜,毒素,秘密之书,獠牙,启示,琥珀色,黑毛,泰尔
迈克,早餐,记者,巫王,中老年,密契,咖啡馆,月亮,阿嚏,生病
迈克,老太太,咖啡馆,科勒,自杀,采访,中老年,警察,持枪,非法
迈克,钟表,兹曼格党,匠人,科勒,怀表,采访,公寓,老科勒,六岁
戴里克,苍老,四十二年,白银城,幻听,失控,迈克,药剂,阶段,那个人
迈克,工厂,科勒,伊思兰特,女工,铅中毒,精神分析,记者,工作,苏茜
斯塔琳,萨默尔,收入,于尔根,卢克,少女,律师,请帖,晚宴,太太
卢克,奥黛丽,戴里克,文件,圆塔,苏茜,工厂区,书房,斯塔琳,码头区
穿越,日记,罗塞尔,三页,阿蒙,读心者,家族,奥秘,奥黛丽,黄涛
食灵者,枪鱼,化石,深海,神官,胃袋,穿越,戴里克,千面,狩猎者
戴里克,科林,光束,守则,首席,小虫,虚影,般地,表演,直剑
皮革,密契,契合,标识,魔法,符号,祭礼,改动,尊名,空间
人影,金色,戴里克,撬动,驳杂,胸针,密契,空间,圣水,干瘪
科林,圆塔,喝彩,蒙蔽,戴里克,影子,四十二年,伦纳德,圆环,塞西玛
河湾大道,怀特,遵纪守法,放血,疗法,苍老,寄生者,伦纳德,人偶,吸血鬼
人偶,怀特,河湾大道,阿尔杰,台灯,档案室,毒素,十年,十年内,分局
玛丽夫人,太太,恐吓信,多丽丝,斯塔琳,侦探,馅饼,玩偶,委员会,大气污染
铁锅,意识,怀特,伊思兰特,白大褂,埃姆林,理论,出牌,母神,苏茜
埃姆林,神父,乌特拉夫斯基,怀特,圣餐,河湾大道,吸血鬼,老头子,想念,搬走
怀特,于尔根,埃姆林,表演,信报箱,斯图亚特,秘密之书,克拉格俱乐部,蛋炒饭,苏勒
斯图亚特,埃姆林,多丽丝,于尔根,医师,怀特,执业,侦探,太太,夫妇
辣椒,老科勒,女儿,科勒,安丽萨,东区,劳博罗,老者,丽芙,老太太
黛西,弗莱娅,丽芙,安丽萨,免费,劳伦斯,单词册,劳博罗,卡平,学校
亚伯拉罕,劳伦斯,家族,梦游,佛尔思,人工,密契,布提斯,长老,诅咒
黛西,卡平,男子,灵体状,别墅,通灵,黑鸭,舌帽,单词册,语句
鸭舌帽,卡平,赫拉斯,男子,别墅,地下,金碧辉煌,高原,契合,总监
卡平,赫拉斯,奥德斯,凯蒂,法比安,兹曼格党,晚餐,雪茄,帕克,用餐者
赫拉斯,帕克,凯蒂,卡平,毒素,餐厅,入侵者,典雅,十六盏,黏稠
赫拉斯,凯蒂,帕克,鞭子,幽灵,毒素,禁闭,子弹,长鞭,胸针
赫拉斯,凯蒂,贝里斯,帕克,餐厅,卡平,禁闭,入侵者,爆炸,子弹
卡平,治安,斯内克,塔罗牌,帕克,凯蒂,黄金,面具,黛西,挑战
卡平,侠盗,斯内克,皇帝,人口,贩子,审判,塔罗牌,那个人,枢机
黛西,丽芙,弗莱娅,卡平,康斯,保险柜,警察,财物,抱住,侠盗
迈克,穆雷,康斯,艾伦,卡平,单词册,侠盗,黛西,医生,奥黛丽
艾伦,塔利姆,达克,医生,爱上,回访,爱情,戴里克,威尔,训练场
艾伦,戴里克,迈克,医生,昂赛汀,科林,威尔,银白色,千纸鹤,噩梦
丽芙,艾伦,科勒,黛西,灵界,遨游,医生,启示,星灵体,老科勒
艾伦,医生,伊思兰特,转轮,巨蛇,研讨会,奥黛丽,银白色,贫民们,尖塔
千纸鹤,艾伦,昂赛汀,医生,威尔,入梦,水银,启示,噩梦,秘密之书
迈克,记者,卡平,千纸鹤,艾伦,采访,戴里克,医生,解救者,呼吁
罗塞尔,日记,西大陆,深渊,倒吊,远航,纸牌,大航海家,格林,故乡
戴里克,倒吊,首席,阿蒙,阿尔杰,魔术师,正义,失控者,附身,奥黛丽
倒吊,分身,十二道,阿蒙,戴里克,造物主,圆环,派遣,虫子,小虫
灵界见闻,亚伯拉罕,家族,佛尔思,章节,倒吊,进出,魔术师,正义,枪鱼
卡平,贩子,人口,治安,奴隶,佛尔思,正义,遗留,定律,阿尔杰
灵界见闻,戴里克,章节,铁盒,七道,抄录,赐予,伯格,方盒,亚伯拉罕
威尼坦,黄光,旅行者,灵界见闻,亚伯拉罕,章节,戴里克,末日,两百年内,劫难
达克,杜姆果,戴里克,蘑菇,神庙,蘑菇状,布袋,指头,食欲,植物
达克,肉条,戴里克,监控者,首席,血色,杜姆果,影子,四十二年,阴影
艾芙洛,戴里克,蜡烛,洛薇雅,首席,科林,竖瞳,猎魔者,达克,烛火
科林,洛薇雅,肉臊,圆塔,地牢,队员,被窝,猎魔者,异变,夫妇
艾伦,千纸鹤,桦树,昂赛汀,格林墓园,塞西玛,铁铲,威尔,墓园,梦见
艾伦,医生,劳伦斯,安丽萨,佛尔思,昂赛汀,鲜花,威尔,太太,口供
劳伦斯,昂赛汀,威尔,佛尔思,笔记本,水银,沃尔,弑序亲王,惹不起,千纸鹤
汉普雷斯,伊思兰特,尊名,邪教,特子爵,格莱林,黑板,奥黛丽,心理学,鲁恩王国贵族史
密码,极光,举报,造物主,追查,惦记,佛尔思,信徒,怀特,治安
乌特拉夫斯基,埃姆林,怀特,神父,大地母神,血族,高贵,心魇,便宜,一两百年
索斯特,戴莉,塔利姆,多里安,大人物,卷宗,水晶球,迈克,佛尔思,格雷
案子,多丽丝,索斯特,两起,卡平,优先级,标本,塔罗牌,组织,老太太
弗兰米,雷帕德,帕切科,股份,于尔根,动力车,律师,凯奇,老科勒,聪明人
斯坦顿,艾辛格,起居室,侦探,助手,赞格,因斯,恶魔犬,西维拉斯地区的恶魔传说,老科勒
斯坦顿,艾辛格,十八分钟,恶魔犬,警官,于尔根,尔根,侦探,审讯,律师
斯图亚特,恐吓信,斯坦顿,恶魔犬,卡斯兰娜,连环,官方,私家侦探,侦探,杀人案
艾辛格,卡斯兰娜,斯坦顿,使徒,斯图亚特,欲望,官方,种子,私家侦探,吓信
艾辛格,卡斯兰娜,使徒,斯坦顿,欲望,预知,戒指,恶魔,来源于,模拟
艾辛格,使徒,斯坦顿,欲望,伊康瑟,卡斯兰娜,官方,重伤,肋骨,治疗
伊康瑟,希尔伯特,银镜,真心话,奥黛丽,伊思兰特,使徒,镜子,红光,大冒险
希尔伯特,奥黛丽,心灵,伊思兰特,心理,读心者,炼金会,汉普雷斯,规章,心灵世界
艾辛格,卡斯兰娜,使徒,欲望,盔甲,烟斗,侦探,打探,小城,交互
杰森,艾辛格,卡斯兰娜,伊康瑟,贝利亚,卡尔森,恶魔,仆人,帕特里克,卖掉
埃姆林,血族,贝利亚,银纹,杰森,热水,怀特,索斯特,吸血鬼,伦纳德
杰森,艾辛格,贝利亚,手帕,马桶,大公,使徒,手提箱,艾伦,投影
杰森,伊康瑟,贝利亚,艾伦,昂赛汀,尼根公爵,威尔,银镜,水银,神之歌者
伊康瑟,杰森,贝利亚,索斯特,使徒,帕特里克,尼根公爵,银镜,欲望,魔镜
尼根公爵,秘书,阁楼,风眷者,公爵,使徒,欲望,黑液,圣风大教堂,卫队
使徒,欲望,下水道,索斯特,贝利亚,杰森,影子,盔甲,伊康瑟,银甲
使徒,欲望,洛克哈德,影子,伊康瑟,亵渎,公爵,尼根公爵,卡姆,西亚
阿古希德,杰森,卡尔森,首相,伯爵,霍尔,刺杀,帕特里克,同伙,侠盗
卡尔森,伊康瑟,尼根公爵,使徒,银镜,阿罗德斯,苏茜,欲望,索斯特,刺杀
尼根公爵,刺杀,斯塔琳,杰森,隐士,贝利亚,报纸,阿尔杰,黄昏,埃姆林
埃姆林,卖家,血族,多里安,祈求,食灵者,劳伦斯,违法,吸血鬼,墓志铭
多里安,黛西,弗莱娅,佛尔思,格雷,契约,马尔莫斯,初等学校,公立,学徒
伊恩,卡斯帕斯,莎伦,坎立宁,悬赏,勇敢者,黑白狗,酒保,九处,军情
陵墓,莎伦,侠盗,马里奇,黑皇帝,任意,阿蒙,白崖镇,家族,皇帝
埃姆林,纸盒,皮箱,锡盒,千面,狩猎者,玻璃瓶,卡尔森,垂体,脑部
卡尔森,陵墓,伊康瑟,塔利姆,啤酒,方案,执事,探索,干杯,夏洛克
卡尔森,塔利姆,杜蒙特,讣告,代罚者,希尔斯顿区,艾辛格,突发,线人,机械
塔利姆,王子,埃德萨克,管家,朗齐,殿下,奥古斯,王室,纹章,主人
埃德萨克,王子,塔利姆,殿下,高尔夫,养老,三页,罗塞尔,平民,女子
月亮,家族,第四纪,王朝,日记,奥古斯都,特伦索斯特,报酬,支付,索伦
使徒,阴性,组织,倒吊,奥黛丽,尼根公爵,欲望,原初,刺杀案,魔女
倒吊,遗传,阿尔杰,上院,不该,孩子,奥黛丽,皮幽影,敕封,土地
塔利姆,手帕,杜蒙特,木偶,邮差,签收,死因,单子,纱布,小指
塔利姆,埃德萨克,王子,献花,伊思兰特,外科,迈克,蒸汽,主教道,艾伦
科勒,金斗篷街,老科勒,勒道,老科,猎魔者,廉价,艾格斯,闪电,老板
伊康瑟,机械,陵墓,石门,大主教,第二组,队员,清理,卷轴,海顿
霍拉米克,画框,墓室,高台,棺柩,幽灵,石门,海顿,伊康瑟,圆盘
霍拉米克,石门,深渊,阿蒙,陵墓,人偶,山顶,十字架,白银城,山脉
伊思兰特,幽影,奥黛丽,画室,画作,安妮,风眷者,心理,森西,内心夜晚
伊思兰特,莎伦,教材,现金,风眷者,奥黛丽,黄金色,两叠,纸团,蓝影隼
铁锅,千面,狩猎者,融化,玻璃瓶,气泡,溶解,液体,垂体,全身镜
面具男,考试,审讯者,梅丽莎,治安,任务,宫廷,面具,行宫,佛尔思
塔利姆,王子,阶梯,埃德萨克,女仆,平民,女子,骑马,想见,葬礼
于尔根,戴里克,布罗迪,奶奶,高台,厨房,周明瑞,夏洛克,笼子,神庙
戴里克,约书亚,十字架,壁画,神像,堕落,兽皮,科林,探索,瑞金斯
拉夫特,庞德,莎伦,地道,图铎,恶灵,石头,纹章,地下,美人鱼
恶灵,莎伦,艾因霍恩,蔷薇,救赎,图铎,索伦,小男孩,亚利斯塔,拉夫特
埃姆林,尼拜斯,奥德拉,卡西米,约书亚,怀特,始祖,小男孩,杰克,大人
王子,尼拜斯,埃德萨克,侍女,埃姆林,怀特,莫里亚蒂,那女子,涂抹,奥德拉
杰克,小男孩,戴里克,神庙,潜逃,王子,五遍,营地,倒吊,关键点
壁画,六神,蔷薇,雕像,救赎,倒吊,神庙,奥黛丽,遗迹,好心
炼金术士,语衍化,瘟疫,奇迹,文字,贵族,高达,阿尔杰,杰克,演变
食灵者,神官,胃袋,佛尔思,龙眼,安定,海雕,预算,倒吊,魔药材料
埃德萨克,王子,奥黛丽,咨询,坏消息,王妃,因斯,配角,弹奏,埃姆林
埃姆林,兽皮,戴里克,灯笼,血族,河流,循环,大人物,壁画,科林
科林,杰克,小男孩,戴里克,猎魔者,壁画,人脸,河流,蔷薇,陌生男孩
杰克,小男孩,埃姆林,霍尔,科林,戴里克,伯爵,猎魔者,埃德萨克,怀特
埃姆林,始祖,血族,末日,怀特,月亮,莉莉丝,古神莉莉丝,启示,关键点
埃姆林,血族,荣光,科勒,红蔷薇庄园,暗示,老科勒,讲述,血月女王,奥尔尼娅
王子,特莉丝,埃德萨克,奇克,殿下,红蔷薇庄园,欢愉,蓝宝石,侦探,巧合
魔女,特莉丝,奇克,伊思兰特,原初,欢愉,奥黛丽,树林,灭口,真名
陨石,凯特琳,夫人,我和你,伯爵,妈妈,奥黛丽,火焰,树林,父亲
赞格,因斯,守卫,威尔,守卫们,岩壁,纹章,阿兹克,幽蓝,佩剑
特莉丝,埃德萨克,圣安东尼,王子,魔女,大主教,芬克尔,出口,贝克兰德教区,奇克
清柔,绝望,巴伦,因斯,女声,赞格,石门,威尔,奴隶,极光
弗莱娅,丽芙,火腿,老科勒,妈妈,新年,黛西,倒下,生病,医院
光层,祭台,万能钥匙,分解,风浪,不甘,怨念,子弹,绝望,人影
阿嚏,特莉丝,冰枪,晶莹,绝望,魔女,打喷嚏,一厘米,树木,奔跑
喷嚏,咳嗽,岸边,阿嚏,浑浊,水下,水面,内脏,疾病,芬克尔
阿兹克,赞格,因斯,威尔,死神,冥界,常常,信使,美人鱼,唤醒
行宫,万人,黛西,饥饿,陛下,伯爵,灵魂,新秩序,乔治三世,解脱
第二部,神父,埃姆林,班森,第三部,乌特拉夫斯基,贝城,收尾,母神,姓名
无面人,美人鱼,铜哨,密修,信使,面目,王子,文件,惨剧,加尔加斯群岛
雾霾,日记,赫密斯,哈哈哈,不对称,变性,魔女,月亮,埃姆林,奥黛丽
赫密斯,日记,黄昏,罗塞尔,隐士,活到,下一页,富莱斯,名称,空想家
吞尾者,蔷薇,救赎,八位,命运天使,水银,戴里克,循环,多里安,天使之王
血族,埃姆林,月亮,倒吊,交易,奥黛丽,爵位,阿尔杰,外貌,仿照
赫密斯,倒吊,巴伦,正义,阿尔杰,工匠,古赫密斯语,生活费,赫密斯语,简化
手势,巴布尔,河谷,徽章,设计,聚会,罐头,表明,埃姆林,子弹
守卫,海军,白玛瑙,水手,木板,罐头,海上,海盗,圣弗尔安号,售票
伊康瑟,夏洛克,莫里亚蒂,艾格斯,大主教,霍拉米克,虚报,阿罗德斯,银镜,线人
克里维斯,冒险家,船舱,伪装,无面人,社交,雇主,匕首,伙计,飞鱼
克里维斯,鱼人,伊康瑟,夏洛克,内脏,莫里亚蒂,私活,堂娜,丹顿,狩猎
鱼人,克里维斯,艾尔兰,塞西尔,堂娜,丹顿,步枪,船舷,吊杆,姐弟
艾尔兰,鱼人,堂娜,丹顿,克里维斯,叔叔,五个人,苏尼亚,传说,鱼肉
堂娜,艾尔兰,宝藏,几百万镑,沉没,月桂号,克里维斯,纳斯特,塞西尔,丹顿
克里维斯,堂娜,鱼肉,艾尔兰,丹顿,蜂蜜,美人鱼,塞西尔,冒险家,美好
洛根,海雕,腌肉,海军,吧台,酒保,伍迪,特制,矮小,艾尔兰
白鲨,黑斗篷,汉密尔顿,达尼兹,艾尔兰,烈焰,纲领,饥饿感,船长,月桂号
汉密尔顿,白鲨,电台,无线电报,守卫,海盗,多股,无线电台,奥德尔,秘门
汉密尔顿,腌肉,白鲨,达米尔港,拉尔德罗,克里维斯,堂娜,老板,头儿,神奇
堂娜,丹顿,信使,小家伙,阿兹克,昨晚,铜哨,皇帝,效应,姐弟
达尼兹,烈焰,人质,堂娜,达尼兹道,知名,二等舱,菜单,海盗,下船
达尼兹,烈焰,红骷髅海贼团,望远镜,约翰松,海狼,白玛瑙号,海盗,海盗船,艘船
堂娜,丹顿,红骷髅,达尼兹,克里维斯,叔叔,红骷髅海盗团,劫掠,姐弟,海狼
达尼兹,克里维斯,大雾,堂娜,班西港,艾尔兰,血旺,精灵,餐厅,柠檬
堂娜,艾尔兰,达尼兹,哈里斯,狂风,克里维斯,活尸,电报局,班西港,大副
堂娜,克里维斯,福克斯,达尼兹,乌尔迪,马灯,餐厅,柠檬,干瘪,留宿
迪默多,福克斯,无头,堂娜,克里维斯,餐厅,新婚,达尼兹,布兰奇,手杖
艾尔兰,杰斯,牧师,主教,米勒,西港,代罚者,留守,仆役们,教堂
米勒,主教,无头,酒壶,艾尔兰,方型,达尼兹,六个,铜哨,圣水
艾尔兰,米勒,帕沃,考特,主教,电报,底稿,梅兰妮,西港,白玛瑙
堂娜,叔叔,丹顿,木盒,艾尔兰,蔷薇,肉芽,救赎,发皱,昨晚
埃姆林,古神,莉莉丝,正义,奥黛丽,传说,血族,吸血鬼,日记,月亮
倒吊,班西港,阿尔杰,魔术师,天使之王,交易,正义,雄鸡,龙眼,宾西
倒吊,梅迪奇,眷者,天使之王,埃姆林,蔷薇,救赎,阿尔杰,月亮,情报
白玛瑙,达尼兹,乌尔迪,堂娜,慷慨之城,拜亚姆,苏尼亚早报,暴风雨,布兰奇,佛尔思
达尼兹,海防街,麦维提,林恩,钢铁,妓院,海风,船长,红剧场,伤口
钥匙,奥黛丽,不要害怕,达尼兹,苏茜,特定,宝藏,死神,心理医生,魔狼
达尼兹,塞尼奥尔,钢铁,上将,手下,麦维提,旗舰,活尸,海盗,教区
达尼兹,阿尔杰,赌场,钢铁,麦维提,底牌,幽灵船,习俗,海盗,假设
温特,土著,王公,酋长,警察,本地,吧台,文明杖,中苏尼亚公司,便宜
达尼兹,诱饵,白银,威曼迪,温特,班西港,烈焰,倒吊,麦维提,协作
阿尔杰,钢铁,麦维提,烈焰,塔罗牌,洗牌,茶色,乔戈里,逆位,倒吊
斯考尔,烈焰,亨特利,麦维提,阿尔杰,香树大道,钢铁,奎因,荆棘,草帽
烈焰,斯考尔,科尔多瓦,代罚者,罗耶,达尼兹,亨特利,钢铁,香树大道,飞毯
斯考尔,钢铁,麦维提,亨特利,麦维,融化,子弹,活尸,打出,冰层
科尔多瓦,麦维提,钢铁,守知者,贝格,麦维,管子,飞毯,放牧,悬赏令
达尼兹,飞毯,释放,斯考尔,亨特利,钢铁,荆棘,悬赏,麦维提,灵魂
麦维提,戴维,雷蒙,梦魇,达尼兹,钢铁,文献,齐林格斯,针对性,死神
蕊妮,温特,扫帚,船长,西弥姆岛,自私鬼,赏金,七八千镑,懦夫,出海
蕊妮,温特,老板,死讯,柜台,表白,旅馆,小镇,被窝,特色
达尼兹,钢铁,客轮,烈焰,售票点,冒险家,酒鬼,青灰色,钢管,扭去
达尼兹,艾德雯娜,船长,苏尼亚岛,卧室,秘术,冰山,做梦,蓝星,降灵
艾德雯娜,达尼兹,冰山,钥匙,要素,大学,传闻,巨人,王庭,中将
达尼兹,本地,艾德雯娜,中将,土著,海蛇,罗塞尔托梦术,塞尼奥尔,海盗团,冰山
卡拉特,达尼兹,埃德蒙顿,骨剑,海蛇,纹身,反抗军,烈焰,拉蒂西亚,钢铁
达尼兹,海神,卡维图瓦,埃德蒙顿,卡拉特,骨剑,海蛇,邪异,侵入,圣剑
达尼兹,海神,海浪,卡拉特,布告,圣剑,埃德蒙顿,反抗军,张贴,教堂
乔戈里,阿尔杰,考特曼,男爵,亚恩,班西港,埃姆林,一百多年,枢机,血族
海王,卡维图瓦,信使,达尼兹,艾尔兰,亚恩,考特曼,海神,骷髅,军方
艾尔兰,达尼兹,拉蒂西亚,橙色,排查,烟花,街垒,铁路,咯咯,戒严
艾尔兰,拉蒂西亚,飞空艇,卡维图瓦,遗迹,军方,人员,男性,精灵,海神
卡维图瓦,达尼兹,海神,天灾之书,精灵,献祭,艾尔兰,信使,专家级,红光
卡维图瓦,漩涡,仓库,达尼兹,吸力,献祭,飞了起来,海水,海神,冰墙
卡维图瓦,打扫,达尼兹,饥饿,硬木,藏身处,灵界,重叠,蠕动,云层
卡维图瓦,守卫,支柱,坍塌,海神,手杖,大道,建筑,青蓝,遗迹
祭司,腹部,青蓝,触手,卡维图瓦,光柱,海水,躲过,银白,血肉
高希纳姆,卡维图瓦,上位,权杖,精灵,支柱,酒杯,海神,卷烟盒,帷幕
海神,权杖,卡维图瓦,卡拉特,亚恩,考特曼,周期,持有者,飓风,研究人员
卡拉特,乔戈里,权杖,有福,埃德蒙顿,这个人,卡维图瓦,海神,不可,圣约
达尼兹,科瓦罗,卡维图瓦,雷尔夫,船长,阿尔杰,海神,艾尔兰,降灵,拉蒂西亚
达尼兹,信使,船长,悬赏,降灵,梦想,水果,写道,联络,烈焰
海神,权杖,桥洞,女孩,卡维图瓦,青蓝,红剧场,母马,喜怒哀乐,一匹
歌谣,达尼兹,无线电,降灵,频段,侍从,苏茜,巨龙,收报机,梦中
无线电,收报机,阿罗德斯,报机,达尼兹,白纸,美人鱼,哒哒哒,真名,功能
奥黛丽,潜意识,灰蒙,巨龙,城堡,谎言,梦境,清醒梦,心理医生,梦中
考特曼,信使,亚恩,布迪,收尸袋,第一种,墓园,达尼兹,澄清,墓志铭
灵界,色块,黄绿,告解,脚掌,军费,章姆,海神,浏览,雷尔夫
雷尔夫,阿尔杰,灵界,纳斯特,黑皇帝,五海,皇帝,信使,幽灵船,漫游
信使,契约,无头,召唤,虚妄,灵界,生存能力,友善,女子,烛火
达尼兹,奥兹尔,卖家,召集者,照片,伊莲,聚会,海盗,试管,巨力士
艾德希兰,丹妮斯,红发,伊莲,实惠,达尼兹,大家,诡秘,叩问式,作家
黑发,嘉德丽雅,权杖,贤者,隐匿,上将,追逐,睫毛,星辰,外伸
索斯特,塔罗,两起,逃犯,案子,谎称,戏法,嘉德丽雅,企图,佛尔思
隐者,嘉德丽雅,日记,正义,罗塞尔,古神,奥黛丽,一页,新成员,破解
日记,查拉图,一个女人,罗塞尔,赫密斯,笔记,瓦林安,造物主,节制,所罗门帝国
附属,隐者,天灾,真名,阿尔杰,心理医生,承兑汇票,商谈,精灵,正义
隐者,嘉德丽雅,摩斯苦修会,拉蒂西亚,白狼,考古学家,契灵,正义,白银城,卡维图瓦
隐者,海神,卡维图瓦,高希纳姆,天灾,红发,伊莲,倒吊,承认,否认
潜意识,集体,欧弥贝拉,隐者,嘉德丽雅,海洋,王后,巨龙,奥黛丽,白银
达尼兹,梦境,红发,伊莲,警告,梦魇,特雷茜,梦想,撬动,富商
达尼兹,伊莲,红发,德尼尔,船票,格拉格斯,特雷茜,卡拉特,房费,中将
达尼兹,米斯,围巾,格拉格斯,烈焰,船票,德尼尔,酒吧,胆小鬼,多一个
艾德雯娜,纳斯特,渔网,达尼兹,魔女,五海,特雷茜,帆船,冰山,梦想
艾德雯娜,中将,冰山,钥匙,黑铁,研究,巨人,留学,伦堡,援助
艾德雯娜,达尼兹,冰霜,约德森,酸奶,用餐室,巨龙,三千年,分离,冰山
伊莲,领事馆,车夫,海商,特雷茜,蒂斯,富商,长辈,故乡,特里尔
伊莲,特雷茜,疾病,欢愉,魔女,人口,中将,追求者,船票,奴隶
伊莲,卡拉特,米索尔,达尼兹,车厢,男装,奥兹尔,特雷茜,障碍,红发
伊莲,手铐,侍女,特雷茜,红发,金发,羞耻,手镯,死号,疾病
特雷茜,伊莲,黑焰,冰块,敌袭,蛛丝,冰晶,疾病,冰霜,手镯
特雷茜,伊莲,海水,袭击者,死号,疾病,游动,中将,冰墙,手镯
中将,米索尔,达尼兹,烈焰,疾病,伊莲,冰山,赏金,咳嗽,船长
胖药师,药剂,药师,艾尔兰,生病,达尼兹,剧场,咳嗽,西港,疾病
胖药师,猫头鹰,达尼兹,梦想,达克威尔,私港,黄金,蔚蓝之风,艾德雯娜,罗伊
阿兹克,皇帝,梅迪奇,图铎,亚利斯塔,雕像,红天使,红祭司,恶灵,死号
特雷茜,魔女,不老,卡特琳娜,佩莱,阿兹克,中将,齐林格斯,死神,文献
卡特琳娜,不老,阿兹克,特雷茜,魔女,佩莱,死号,死神,执政官,九百二十六年
无线电,哒哒哒,罗伊,阿罗德斯,收报机,水银,白纸,学派,魔镜,失踪
千纸鹤,昂赛汀,威尔,命运之蛇,艾伦,达克威尔,蓝影隼,医生,精神之鞭,阿尔杰
达克威尔,胖药师,药师,星球仪,购票者,票务,特亚纳,蠢驴,晋升,昂赛汀
污染,失控者,倒吊,粉碎,天使级,窃取,无暗者,老辣,精神污染,天使阶
隐者,遗产,血族,威廉姆斯街,男爵,除外,奥黛丽,班西港,佛尔思,倒吊
吸血鬼,隐者,考试,嘉德丽雅,血族,班森,算术,面试,正义,巨龙
窃取,降灵,冰山,修仙者,操作,大衣,中将,冰寒,衣帽架,蓝星
达尼兹,艾德雯娜,徽章,艾尔兰,诗人,船长,同学,光束,第四步,信纸
米索尔,肯特,乌斯,奥兹尔,伊莲,巧言者,酒吧,艾尔兰,船长,酒鬼
米索尔,巧言者,龙威,贿赂,地下,刺穿,酒吧,子弹,饥饿,贿赂者
奥兹尔,龙威,米索尔,肯特,乌斯,巨力士,艾尔兰,巧言者,逃窜,打转
达克威尔,骰子,米斯,米索尔,心理医生,奥兹尔,蓝眼,巧言者,托斯卡特岛,老头
达克威尔,骰子,警员,米索尔,戒指盒,特雷茜,乳白色,执政官,龙威,猫头鹰
雷尔夫,达克威尔,猫头鹰,药师,哈里,吧台,海神,委托,啤酒杯,老师
达克威尔,肯特,乌斯,因斯,赞格,猫头鹰,皮箱,威尔,戒指盒,昨晚
达克威尔,骰子,哈里,猫头鹰,戒指盒,海里,猝死,老师,胖药师,转运
达克威尔,骰子,猫头鹰,概率,胖药师,药师,倒霉,哈里,持有者,恐吓
达克威尔,骰子,猫头鹰,威廉姆斯街,恶灵,艾因霍恩,概率,家族,暴风雨,客轮
举报,拉夫特,白纸,哒哒哒,庞德,威廉姆斯街,间谍,米切尔,无线电,蛋糕
埃姆林,伦纳德,无线电,米切尔,寄生,命运之轮,白纸,记仇,数据化,收报机
埃姆林,骰子,达克威尔,猫头鹰,米切尔,哈里,伦纳德,药师,客轮,概率
卡诺,达克威尔,敲钟,瑞乔德,骰子,桥洞,戒指盒,钟楼,哈里,议员
火种,瑞乔德,埃姆林,伦纳德,皮箱,手套,达克威尔,一项,议员,虫子
苏茜,黛西,绿眼,奥黛丽,礼物,碧瞳,警官,夏洛克,莫里亚蒂,姐姐
比尔特,同盟,冒险家,雪茄,酒保,柠檬,保镖,戴里克,白兰度,互助会
银牌,日记,穿越,深渊,罗塞尔,大帝,边界,腐蚀,雾气,黑王
洛薇雅,首席,造物主,释放,戴里克,倒吊,渎神者,白银城,隐者,小男孩
隐者,嘉德丽雅,亚当,阿蒙,造物主,正义,奥黛丽,记载,埃姆林,通告
索托斯,比尔特,义工,死号,东面,刺杀,中将,圣德拉科山,报纸,疾病
比尔特,义工,索托斯,工匠,表格,互助会,填写,胡安娜,冒险家,登记
比尔特,索托斯,大人物,白兰度,头儿,海盗猎人,柠檬,楼上,眼壁,泄露
比尔特,利维特,艾弥留斯,上将,阁下,汤森,伦纳德,图铎,苍老,海军
艾弥留斯,比尔特,利维特,契约,上将,有效期,海军上将,五天,流浪汉,辛西娅
艾弥留斯,辛西娅,利维特,奥斯顿,吕尔安,奥拉维,上将,海军基地,总督,秘书
艾弥留斯,辛西娅,上将,利维特,织法者,浴袍,书房,假眼,牺牲品,主卧
艾弥留斯,隐士,黄昏,上将,宗旨,警告,黑皮,利维特,奥拉维,理念
艾弥留斯,辛西娅,吕尔安,奥斯顿,秘书,上将,总督,利维特,重视,职位
艾弥留斯,梦到,辛西娅,吕尔安,纵情,侍者,女仆,将军,秘书,龙骨鱼
辛西娅,第九律,想和你,艾弥留斯,树枝,花朵,将军,瘤体,符咒,禁止
辛西娅,吕尔安,天体,星界,艾弥留斯,秘书,教派,欲望,月亮,坠子
福莱特,辛西娅,艾弥留斯,吕尔安,上将,母树,欲望,天体,繁衍,项链
福莱特,艾弥留斯,天体,总督,母树,吕尔安,欲望,康纳德,上将,教派
艾弥留斯,比尔特,辛西娅,总督,奥斯顿,天体,利维特,上将,秘书,吕尔安
宿主,寄生者,比尔特,生态,改换,艾弥留斯,胡安娜,子弟们,斯敏,上将
米歇尔,团长,马戏团,副教授,加尔加斯群岛,东面,戏法,斯敏,罐头,杯子
白鲸,老板,游行,拿斯,罐头,横幅,水晶球,脂肪,口琴,可持续
洛达尔,弗银,酒吧,戈比,谁谁谁,冒险家,格拉斯,加勒斯,金霍恩,车夫
长桥,拿斯,帆船,影子,未来,加尔加斯群岛,战神,海盗乐园,确保,行业
弗兰克,嘉德丽雅,杂交,上将,希斯,李热情,品种,母牛,未来,还剩
卡西米,埃姆林,血族,盲人,巴托里,鲁斯,男爵,乌特拉夫斯基,怀特,嘉德丽雅
妮娜,弗兰克,尼波斯,苹果,嘉德丽雅,毒素,策应,品种,上将,甲板
米歇尔,妮娜,德伊特,古井,金属条,井口,海洋生物,泥土,海底,这本
米歇尔,奥黛丽,德伊特,古物,笔记,头盔,巨龙语,捐赠,炼金会,骑士
镜子,奥黛丽,魔镜,笔记,巨龙,乡村,林德里拉,项链,正义,镜子内
死号,不死,笑声,未来,弗兰克,阿加里图,甲板,传闻,帆船,海盗
弗兰克,妮娜,奥托洛夫,死号,针头,巨浪,酒桶,甲板,粗鲁,镇静剂
多里安,佛尔思,记录,格雷,老师,劳伦斯,魔法书,笔记,占星人,学生
希斯,废墟,未来,道尔,嘉德丽雅,大鱼,无血者,上将,海水,血肉
浮岛,道尔,希斯,喘息,嘉德丽雅,正午,废墟,巨石,战车,未来
妮娜,弗兰克,梦境,嘉德丽雅,修道院,奥托洛夫,壁画,广场,领头者,公牛
安德森,壁画,循环,斧头,吞尾者,倒霉,梦境,乌洛琉斯,圣所,高山
安德森,暴风雨,弗兰克,海盗们,沙滩,牛奶,梦境,倒霉,停靠,昂赛汀
安德森,神庙,嘉德丽雅,宝藏猎人,壁画,胡德,上将,最强,吞尾者,猎人
石巨人,牢房,安德森,栅栏,嘉德丽雅,长枪,火柴,脚印,收割者,怪物
利奥马斯特,铁门,牢房,短袍,木门,宗教,缩着,权杖,反锁,囚犯
利奥马斯特,圣者,梦境,修道院,符咒之书,权杖,人格,分裂,书架,随机
弗兰克,安德森,藤蔓,西瓜,甲板,未来,小东西,牛奶,闭嘴,异变
肉块,星海,灰黑肉块,拼接,甲板,未来,卷轴,璀璨,嘉德丽雅,分裂
香号,郁金,路德维尔,安德森,地狱上将,怨魂,地狱,上将,不死,骷髅
路德维尔,地狱,吸力,香号,郁金,大门,青铜,火种,上将,地狱上将
路德维尔,地狱上将,香号,郁金,青铜,大门,火柴,安德森,另一个世界,风刃
袖钉,安德森,道尔,希斯,郁金,香号,甲板,浴缸,几滩,符咒之书
侠盗,皮靴,对面,皇帝,栗色,博物馆,女王,豌豆藤,小克,长发
侠盗,女王,黑皇帝,安德森,嘉德丽雅,上将,罗塞尔日记,身份,轨迹,抱膝
美人鱼,歌声,火种,小船,秘偶大师,礁石,基剂,鱼尾,五指,手套
傀儡,秘偶大师,美人鱼,灵体,操纵,以太体,歌声,阶梯,攀登,小船
戴里克,海因姆,下午镇,约书亚,地下室,探索,白银城,科林,王庭,巨人
海因姆,约书亚,戴里克,地下室,石桌,祭台,文字,大滩,巨人,昏黄
戴里克,约书亚,海因姆,地下室,一瓶,女王,首席,缺点,科林,祭坛
女王,王庭,巨人,海域,呓语,华美,造物主,雕塑,大灾变,修道院
海因姆,戴里克,科林,猎魔者,直剑,首席,约书亚,圣职,影子,下午镇
圣职,希斯,弗兰克,人格,利奥马斯特,道尔,蔷薇主教,人员,善良,第四个
利奥马斯特,安德森,壁画,善良,人格,王庭,短袍,修道院,大厅,巨人
不老泉,废墟,不死,利奥马斯特,安德森,女王,成峰,吉尔希艾斯,上将,人格
安德森,托斯卡特岛,不老泉,女王,骗局,不死,贝尔纳黛,阿加里图,嘉德丽雅,不老
安德森,厄运,弗兰克,千纸鹤,玩偶,娃娃,海域,玻璃杯,地板,敲打
安德森,查拉图,乐园,茶匙,诡法师,弱点,转运,海盗,攻击力,瑞乔德
安德森,胡德,旅馆,顾客们,老板,层面,托斯卡特岛,海盗,双管猎枪,餐厅
隐者,嘉德丽雅,贝尔纳黛,长女,惩罚,黎明号,女王,泄露,民主,奥黛丽
神使,维恩,路易斯,敲打,魔术师,倒吊,窥视,隐者,极光,不可
隐者,拉瓦章鱼,配方,路易斯,维恩,结晶,陨星水晶,拉瓦,黑狩巨蜥,占星人
圣职,隐者,名字,王庭,第四个,神弃,嘉德丽雅,下午镇,萨斯利尔,暗天使
不老泉,莫索纳,安德森,霍纳奇斯,拳击赛,血字,新鲁恩党,擂台,弗雷格拉,阴谋
莫索纳,雪茄,拳击赛,公文袋,擂台,比赛,拳手,老鼠,傀儡,打死
吉尔希艾斯,淡蓝,欲望,火球,硫磺,恶魔语,屠杀者,双枪,酒吧,射出
吉尔希艾斯,波动,空气弹,恶魔,使徒,污秽之语,火球,傀儡,火焰,灵体
吉尔希艾斯,老板,祭司,酒吧,恶魔,细长,长者,大门处,雄鸡,汁液
死号,呓语者,阿加里图,不死,安德森,血液晶体,莫索纳,外海,恶魔,深渊
安德森,死号,卡诺,不死,索斯特,胡德道,恶魔,托斯卡特岛,客轮,一等舱
瑞乔德,议员,卡诺,眼罩,母树,敲钟,厄运,安德森,欲望,学派
蕾妮特,达尼兹,缇尼科尔,船长,信使,安德森,冰山,艾德雯娜,布鲁,沃尔斯
安德森,黄金梦想号,耳环,荒岛,达尼兹,艾德雯娜,悬崖,最强,珍珠,海底
奥尔弗斯,布鲁,沃尔斯,安德森,达尼兹,美食家,约德森,艾德雯娜,黄金梦想号,船长
格罗塞尔游记,这本书,达尼兹,艾德雯娜,封皮,书册,巨龙,冰霜,故事,沃尔斯
小刀,达尼兹,安德森,格罗塞尔游记,涂抹,监督,船长,鲜血,黄金梦想号,封皮
达尼兹,地洞,安德森,兔子,卜杖,火鸦,积雪,狂风,冰雪,胡德
安德森,格罗塞尔,达尼兹,精灵,艾德雯娜,尤里斯安,巨人,巨龙,北方,三人
莫贝特,艾德雯娜,龙泽尔,西北区,听懂,所罗门帝国,主角队,爱德华,语言,安德森
夏塔丝,莫贝特,格罗塞尔,精灵,斯诺曼,龙泽尔,高希纳姆,巨人,天灾,修士
尤里斯安,龙泽尔,洞穴,格罗塞尔,夏塔丝,冰霜,山洞,北方,冰层,冰晶
尤里斯安,冰霜,巨龙,格罗塞尔,夏塔丝,斯诺曼,龙泽尔,光环,暴风雪,莫贝特
尤里斯安,冰霜,巨龙,格罗塞尔,北方,龙泽尔,夏塔丝,莫贝特,近白,永不
格罗塞尔,莫贝特,夏塔丝,艾德雯娜,斯诺曼,龙泽尔,安德森,后代,冰霜,惩戒
艾德雯娜,达尼兹,安德森,夏塔丝,格罗塞尔,斯诺曼,龙泽尔,祭司,巨人,配方
艾德雯娜,这本书,格罗塞尔游记,空想,酒杯,大陆,书册,演绎,这本,书里
艾德雯娜,钥匙,神话,形态,信使界,冰山,信使,规范,巨人,回信
伊恩,埃姆林,纸牌室,游戏,红眼睛,桌球室,酒保,莫里亚蒂,血族,海上新闻
奥克法,安德森,达尼兹,阴谋家,医师,黄金梦想号,三世界之书,拜亚姆,庄园,猎人
奥克法,安德森,弱点,丧钟,巨龙,钞票,防御,攻击,运气,致命攻击
艾尔兰,康纳斯,戴维斯,堂娜,维克托,罗伯特,船长,艾弥留斯,货物,酒保
康纳斯,维克托,权杖,海神,船长,船只,暴风雨,画面,波浪,打草惊蛇
骷髅号,单眼,海啸,海盗,船舱,音爆,权杖,乌云,艘船,亚恩
乔戈里,骷髅号,吉尔希艾斯,阿尔杰,康纳斯,单眼,考特曼,船长,维克托,达尼兹
白纸,阿罗德斯,哒哒哒,伟大,无线电,魔镜,谦卑,查拉图,场景,主人
博诺瓦,日记,大帝,三页,最出色,嘉德丽雅,查拉图,乖巧,抗争,隐者
晚年,阅读者,互换,全知全能,隐者,秘人,通识者,大帝,日记,全能
成语,岛屿,隐者,阿尔杰,根茎,长者,原始,结晶,字数,倒吊
侠盗,船长,康纳斯,维克托,卡平,倒吊,人口,阿尔杰,黑皇帝,正义
莫贝特,格罗塞尔,酒馆,夏塔丝,巨人,里德尔,商队,佩索特,行会,冰霜
格罗塞尔,巨人,石碑,王庭,壁画,森林,潜意识,洞穴,衰败,王奥尔米尔
格罗塞尔,奥布尼斯,龙泽尔,阿尔杰,潜意识,哲学家,帕苏岛,海怪,灰蒙里,手掌
德尼尔,弗兰克,奥德尔,船票,缇尼科尔,蕾妮特,蘑菇,身份证明,散漫,四个
奥德尔,银币,德尼尔,毒蛇,身份证明,糖果,鲁恩人,十张,布拉亚,酒吧
黑胡椒大道,赫尔莫修,赫尔莫修因,图兰尼,无线电,电报,奥德尔,科学家,密码,全城
母树,希拉里昂,赫尔莫修,欲望,橘光,灵界,特质,玫瑰,缇尼科尔,蕾妮特
杰克斯,奥德尔,塞尼奥尔,大人,祭台,电报,上将,四肢,野炊,小球
杰克斯,小人,白发,纸人,缇尼科尔,蕾妮特,黑线,探入,怪网,口琴
塞尼奥尔,黑线,玫瑰,学派,海王,屠杀,火焰,子弹,附身,尖啸
塞尼奥尔,小箭,冰晶,上将,冰封,哭喊,婴儿,岩浆,借助类,衣衫
格罗塞尔游记,绒毛,铜哨,怕黑,缇尼科尔,悬崖,蕾妮特,海王,羽毛,海底
考特曼,亚恩,阿兹克,塞尼奥尔,羽毛,玫瑰,学派,开心日子,记忆,幸运
塞尼奥尔,项链,傀儡,上将,铜哨,金币,白银盟维凯尔,母树,学派,倒霉
妮露,雷蒙,副本,第三部,戴维,结尾,大纲,悲欢,悬念,红梧桐街
看守者,唐泰斯,道恩,值夜者,身份,麦色,财富,富翁,自行车,查尼斯门
艾辛格,夏洛克,莎伦,股份,海上新闻,卖掉,伊恩,烟斗,前景,脚踏车公司
莎伦,塞尼奥尔,泥土,威廉姆斯街,玫瑰,学派,傀儡,大树,恶灵,庞德
莎伦,恶灵,亚利斯塔,图铎,索伦,红祭司,艾因霍恩,梅迪奇,塞尼奥尔,皇帝
贝琳,艾尔兰,肯特,乌斯,管家,达尼兹,赏金,报纸,冒险家,年薪
贝琳,红茶,管家,富翁,阿斯尼亚,协会,唐泰斯,侯爵,政治,服务
红马甲侍者,餐厅,艾伦,蒂斯塞伦佐餐厅,妻子,宫廷菜,菜单,酒单,箱内,捐款
木偶,褐蚊,斑点,佛尔思,全身镜,月亮,兜帽,礼花,金色,鲁恩文
管家,里巴克,瓦尔特,阿斯尼亚,白葡萄酒,咖啡厅,卡洛德,子爵,租金,男爵
瓦尔特,女仆,管家,巴托里,得体,租金,仆人,家庭,埃姆林,马厩
日记,皇帝,一页,某某,罗塞尔,称帝,民法典,贝尔纳黛,夜皇,图铎
塞尼奥尔,隐者,上将,幸运天平,嘉德丽雅,神奇,满月,项链,海盗,正义
毒素,月亮,埃姆林,清单,倒吊,奥黛丽,正义,下午镇,阿尔杰,隐者
脚踏车公司,股份,伯爵,霍尔,奥黛丽,贷款,利息,脚踏车,佛尔思,质押
巴托里,温莎,鲁斯,枯草,埃姆林,木偶,干花,花朵,小瓶,月亮
阿尔杰,歌声,精灵,执事,女子,一唱一和,蓝发,雷霆教堂,定制,耳旁
年薪,木偶,管家,男仆,月亮,储藏室,女仆,塔内娅,租金,理查德森
理查德森,教堂,伦纳德,赌博,神职人员,祈祷厅,索斯特,祈祷,佛尔思,后方
瓦哈娜,斯塔琳,香水,瓦尔特,夏洛克,伦纳德,含蓄,莫里亚蒂,海森,跳舞
白鸽,伦纳德,警告,理查德森,老爷爷,纸条,哲学,广场处,哈米德,渎神者
管家,莫里,瓦尔特,埃莱克特拉,理查德森,马赫特,家庭,双管猎枪,行业,主教
理查德森,议员,莫里,马赫特,瓦尔特,丛林,买家,弥撒,点心,两轮
高希纳姆,酒杯,精灵,亚伯拉罕,瓦尔特,天灾,黄金,天灾之书,直系,隐者
埃莱克特拉,夜之启示录,弥撒,主教,布道,牧师,看守者,主教带,归宿,藏书室
瓦哈娜,理查德森,伦纳德,艾伦,夏洛克,海森,莫里亚蒂,医生,解雇,末了道
瓦哈娜,瓦尔特,赏金猎人,布料,骗子,督察,赃物,高级,发布,巴库斯
马赫特,议员,海柔尔,莉亚娜,莫里,赞美,舞会,邀请,唐泰斯,高傲
玛丽,希伯特,海柔尔,大气污染,舞会,玛丽夫人,道恩,唐泰斯,竞争,马赫特
海柔尔,潜入者,理查德森,唐泰斯,莉亚娜,道恩,马赫特,瓦哈娜,井盖,栅栏
戈多普斯,黑骷髅党,理查德森,塞尼奥尔,沃尔夫,永生会,潜入者,奴隶,高性能,东拜朗复国会
维恩,路易斯,举报,金币,莉亚娜,海柔尔,极光,佛尔思,聚会,管家
阿尔贝,审查,索斯特,伦纳德,管家,戴莉,唐泰斯,道恩,理查德森,贴身
艾德雯娜,阿尔贝,达尼兹,测评,夏塔丝,尸骸,尖塔,城北,汇报,下午镇
唯一性,容纳,小岛,格林,亚当,无名,日记,广义,注定,k们
隐者,风铃树,月亮,亚伯拉罕,迷幻,无名,嘉德丽雅,转达,直系,日记
背叛者指环,雷神,感叹号,怒吼,戏剧,引荐,艾辛格,王国大剧院,卡尔迪,等价
短毛猫,艾辛格,蓝色,博文,公文袋,斯坦顿,所得税,一只猫,短毛,喵呜
昂塞汀,威尔,昂赛汀,水银,乌洛琉斯,命运之蛇,婴儿车,每一次,极光,运气
符咒,薄片,顺利,水道,窃运者,符号,嫁接,空间,命运,偷盗者
瓦尔特,展览,管家,昂塞汀,展柜,夏洛克,莫里亚蒂,石头,唐泰斯,道恩
瓦尔特,赛克斯,威廉,督察,理查德森,高级,管家,女声,王子,鉴赏
特莉丝,海柔尔,埃德萨克,王子,死亡之谜,下水道,塞尼奥尔,翠绿,自杀,岔路
特莉丝,塞尼奥尔,海柔尔,斯特福德,下午茶,魔女,上将,下水道,惊吓,疾病
戴莉,阿罗德斯,唐泰斯,道恩,全身镜,问答,人工智能,周五晚上,镜子,理查德森
莱曼诺,旅行,笔记,失败,这本,焦黄,平底,单人房,魔法书,佛尔思
怨魂,秘偶大师,塞尼奥尔,操纵,聚会,滞涩,灵体,难点,怨魂附身,反抗
莱曼诺,龙卷风,旅行,笔记,焦黄,丧钟,巷子,旅行家,风压,塞尼奥尔
埃莱克特拉,唐泰斯,道恩,理查德森,主教,瓦尔特,旅行家,探病,婚姻,卧室
戒指,安迪,红宝石,海顿,塞尼奥尔,佛尔思,上校,莱曼诺,负面,齐林格斯
阿尔杰,复仇者号,幽蓝,亲近,奥布尼斯,瓦尔特,漩涡,鱼类,洞穴,符咒
阿尔杰,奥布尼斯,音波,海怪,歌声,触手,隧道,亲近,上校,复仇者号
波特兰,莫蒙特,海柔尔,教授,威利斯,花园,起居室,道恩,单身,马赫特
特莉丝,塞尼奥尔,海柔尔,下水道,怨魂,莉亚娜,魔女,伤愈,秘偶,上将
多里安,行李箱,亚伯拉罕,路易斯,维恩,佛尔思,格雷,身份证明,家族,学生
多里安,路易斯,维恩,阿斯曼,佛尔思,埃莱克特拉,雷达尔,极光,违心,老师
下水道,岔路,塞尼奥尔,通道,特莉丝,海柔尔,查尼斯门,泥土,怨魂,看守者
伊恩,埃姆林,租赁者,苏茜,阿尔戈斯,东区,加利斯,挎包,凯文,铁门街
日记,大帝,罗塞尔大帝,后记,穿越者,租出去,晚年,开弓,能看懂,小心
莱曼诺,旅行,笔记,租赁,记录,魔术师,神使,阿尔杰,协议,这本
隐者,嘉德丽雅,重置,魔术师,审讯者,调换,佛尔思,血月,亚伯拉罕,先祖
玛丽,莱曼诺,半神级,旅行,刺杀,笔记,下半神级,存稿,前任,陵寝
股份,玛丽夫人,埃姆林,投资,伊姆公司,协议,优质,灰岩街,阿尔戈斯,玛丽
加利斯,凯文,埃姆林,阿尔戈斯,隐忍,房客,吸血鬼,莱曼诺,味道,笔记
阿尔戈斯,埃姆林,雷击,木箱,莱曼诺,蝙蝠,加利斯,凯文,旅行,吸血鬼
卡西米,埃姆林,瓦哈娜,指环,男爵,木箱,血族,始祖,奥德拉,狩猎
玛丽,艾伦,卢克,玛丽夫人,迈克,伊姆,名片,唐泰斯,辛德拉斯,无烟煤
看守者,枯黄,内部,埃莱克特拉,圣坛,荒废,主教,平复,黑毛,梦境
圣剑,人格,誓约,埃莱克特拉,看守者,笔记,教堂,心魇,塞西玛,圣赛
心魇,埃姆林,蜡烛,放过,哀求,乌特拉夫斯基,神父,权杖,五页,主教
巴托里,人格,核心,封印,看守者,心魇,鲁斯,埃姆林,卡西米,副人格
埃姆林,卡西米,指环,渴血症,佩戴者,莉莉丝,血族,莱曼诺,竞赛,旅行
米歇尔,副教授,村庄,理查德森,纹章,巨龙,南大陆,考古队,早起,奥黛丽
巨龙,赫德拉克,村庄,心灵,潜意识,集体,拜亚姆,阿尔杰,笔记,炼金
阿尔杰,马灯,死尸,树木,黑森林,沉积,枝叶,两人,超凡,白天
阿尔杰,羽蛇,铃声,半神级,老鼠,树木,巨蛇,灰色,倒吊,马灯
风铃树,阿尔杰,迷幻,老虎,狒狒,树木,枝丫,黑森林,歌声,头痛
卷毛,狒狒,变异,丧钟,左轮,阿尔杰,瞬杀,混乱,弱点,怨魂
门洞,阿尔杰,石化,马灯,夜视,石板,壁画,墓葬,教堂,倒吊
墓葬,甬道,阿尔杰,石像鬼,六翼,石门,马灯,石像,神庙,残破
逝者,石棺,石像鬼,六翼,阿尔杰,永恒烈阳,图画,三位,纯白天使,这幅画
亡者,石像鬼,六翼,阿尔杰,六翼石像鬼,塞尼奥尔,暴君,铜哨,怨魂,狂风
阿尔杰,暴君,水母状,石像鬼,六翼,墓葬,战利品,岛屿,原始,泥土状
暴君,白银城造物主,权柄,主祭,隐士,幅画,火苗,服从,挑战,壁画
隐士,黄昏,莱曼诺,旅行,原始,笔记,租赁,佛尔思,岛屿,暴君
奥洛莉,维尔玛,艾伦,开场舞,葛莱蒂斯,埃莱克特拉,寄宿,唐泰斯,乐曲,道恩
维尔玛,冰淇淋,昂赛汀,葛莱蒂斯,威尔,三支舞,冰茶,海柔尔,婴儿车,几管血
海柔尔,埃莱克特拉,审讯者,佛尔思,馅饼,主教,好友,礼物,内在,梦境
谢尔曼,极光,黑裙,面具,东区,黄金面具男,聚会,黄金,恍惚,功勋
海柔尔,印记,日记,缝合,下水道,失败者,三页,符咒,露水,相似
暴君,隐者,嘉德丽雅,倒吊,正义,奥黛丽,亵渎,制作,遇害,权柄
嘉德丽雅,奥黛丽,命运之轮,交易,成长,弗兰克,弱小期,隐者,流脓,缺钱
巨龙,壁画,阿尔杰,心灵,风俗,卷毛,狒狒,隐者,嘉德丽雅,奥黛丽
治疗,弗兰克,嘉德丽雅,一箱,炸药,预约,奥黛丽,疾病,斯托恩城,活性
炸药,引爆,下水道,塞尼奥尔,海柔尔,岔路,镊子,五根,断指,通道
筹码,昂赛汀,威尔,一滴,神话,居民,千纸鹤,戴里克,白银城,理查德森
贝尔纳黛,豌豆藤,乐章,炸药,主教堂,侵蚀,德鲁伊,下水道,守桥,七月份
社交季,奥黛丽,霍尔伯爵,看守者,贿赂,薄纱,剂量,塞尼奥尔,伦敦,阴暗
仆役,看守者,塞尼奥尔,扫帚,怨魂,试管,内部,床上,居住,安眠
看守者,马灯,钢铁,查尼斯,笔记,伦纳德,台阶,浴缸,第二层,封印
小镇,迷雾,磨坊,福生,塞尼奥尔,上月,遗迹,神战,复活,夜晚
潘娜蒂亚,塞尼奥尔,小镇,魔女,明艳,秘偶,纯白,圣洁,怨魂,女子
潘娜蒂亚,塞尼奥尔,外包,小镇,细线,形态,发丝,旺财,忠仆,绝望
潘娜蒂亚,隔壁,小镇,灵界,尖顶,单章,身影们,瘟疫,语声,魔女
阴影,蔷薇主教,阿嚏,感冒,隐约可见,冰层,贿赂,蘑菇,长枪,翻滚
潘娜蒂亚,教堂,石像,弗雷格拉,灵体,穿墙,五月,霍纳奇斯,半空,呓语
老者,黑曜石,魔女,含糊不清,逃离,兜帽,潘娜蒂亚,绝望,秘偶,教堂
查拉图,鱼肉,夜之国,安提哥努斯,后裔,首领,密修,霍纳奇斯,诡法师,骨灰
潘娜蒂亚,秘偶,塞尼奥尔,绝望,魔女,黑曜石,教堂,绝望魔女,怨魂,灵体
潘娜蒂亚,绝望,魔女,胃袋,秘偶,血肉,替身,纸人,符号,逃离
潘娜蒂亚,查拉图,绝望,魔女,开门,骨灰罐,木偶,符号,黑曜石,黑焰
蘑菇,查拉图,黑曜石,岩浆,卧槽,书友们,沙雕,赤红,巨大,牛逼
黑曜石,符号,教堂,失控天使,石板,查拉图,透明,小镇,大门,安提哥努斯
灵魂,饥饿,放牧,镜子,安魂师,蠕动,佩戴者,诡法师,唐泰斯,记录
潜入者,大主教,阁下,索斯特,圣安东尼,排查,执事,常来,伦纳德,看守者
卷宗,伦纳德,唐泰斯,道恩,辛迪,极光,鲍勃,侠盗,入梦,兰尔乌斯案
海柔尔,老鼠,奥黛丽,舞会,灰白色,霍尔,生日,晚礼服,舞池,母亲
诊金,恐惧,奥黛丽,木板,索斯特,未知,快乐,帮手,安抚,橡皮
伦纳德,索斯特,唐泰斯,道恩,夏洛克,莫里亚蒂,月初,辛迪,退伍军官俱乐部,东拜朗
加尔文,马赫特,伦纳德,这个人,夏洛克,莫里亚蒂,议员,西拜朗,前台,蒂斯人
伦纳德,唐泰斯,道恩,索斯特,名单,铁铲,梦境,石碑,贯通,睡意
伦纳德,安提戈努斯,唐泰斯,道恩,复仇,莫雷蒂,目的,笔记,渎神者,假死
西拜朗,理查德森,挡板,达尼兹,木条,男仆,贴身,告解,忏悔,缪尔
辛德拉斯,男爵,瓦尔特,管家,雇主,银行业,访客,男仆,南大陆,千万富翁
佛尔思,弗兰克,杂事,厨房,唐泰斯,道恩,缇尼科尔,蕾妮特,写信,标记
辛德拉斯,男爵,警官,卡隆,股份,管家,唐泰斯,为首,男仆,审讯室
辛德拉斯,男爵,埃莱克特拉,黑魔法,唐泰斯,股份,道恩,管家,保守党,陷害
催眠,奥黛丽,小麦,蘑菇,备餐,弗兰克,内涵,佛尔思,血肉,几千镑
备餐,海柔尔,马赫特,橱柜,唐泰斯,道恩,包厢,议员,蒂斯塞伦佐餐厅,佛尔思
马赫特,佛尔思,保镖,海柔尔,唐泰斯,道恩,老鼠,理查德森,男仆,非凡元素
加尔文,玛丽夫人,唐泰斯,马赫特,卡隆,俱乐部,道恩,退伍军官俱乐部,议员,佛尔思
蘑菇,饥饿,蠕动,赞颂,新品种,锁骨,宾客,蘑菇们,壁灯,桌面
马赫特,贫民,议员,木台,唐泰斯,道恩,霍尔,伯爵,高贵,演讲
霍尔,伯爵,奥黛丽,慈善,基金,唐泰斯,道恩,助学,圣安东尼,支票
故乡,奥涅格,日记,骨笛,巨殿,弗萨克,精灵,贝尔纳黛,巨人,族群
埃姆林,正义,调查,前列腺,肾脏,唐泰斯,道恩,月亮,两件,消费
唐泰斯,道恩,任务,佛尔思,辛德拉斯,共用,诬陷案,正义,塔罗,袭案
唐泰斯,道恩,假人,隐士,诬陷案,袭案,斯帕罗道,小偷,隐者,命运
老鼠,灰色,海柔尔,惨白,全身镜,镜子,垫子,伦纳德,偷盗者,老爷爷
达尼兹,海柔尔,老鼠,西拜朗,艾德雯娜,船长,头衔,全身镜,理事,名誉
卡隆,辛德拉斯,唐泰斯,道恩,戴莉,家人,男爵,督察,玻璃墙,西蒙妮
洛维莎,奥黛丽,唐泰斯,理事会,学校,道恩,审核,报社,宣传,六月
辛德拉斯,伦纳德,男爵,卡隆,西拜朗,达尼兹,唐泰斯,道恩,信服,中高
莎伦,木乃伊,伊恩,马里奇,怨魂,图坦西斯二世,夏洛克,莫里亚蒂,忠仆,旺财
阿蒙,偷盗者,伦纳德,马里奇,地图,老爷爷,缇尼科尔,蕾妮特,帕列斯,索罗亚斯德
马里奇,木乃伊,法老,阿蒙,玫瑰,图坦卡蒙二世,学派,莎伦,帕列斯,分身
莎伦,马里奇,梳妆镜,母树,学派,缚之神,玫瑰,欲望,木乃伊,图坦西斯二世
马里奇,莎伦,木乃伊,木偶戏,图坦西斯二世,法老,主导,棺柩,填塞,第四步
棺柩,图坦西斯二世,麦哈姆斯,面具,码头,冰块,沉默者,木乃伊,马里奇,金色
图坦西斯二世,木乃伊,晚礼服,麦哈姆斯,玫瑰,学派,棺柩,布娃娃,金眼,龙卷风
木乃伊,莎伦,麦哈姆斯,图坦西斯二世,马里奇,棺柩,传送,卷烟盒,诡计,铁制
木乃伊,图坦西斯二世,莎伦,马里奇,盗取,晚礼服,布条,活尸,珠子,彩纹
木乃伊,扎特温,特温,龙卷风,晚礼服,麦哈姆斯,钉子,图坦西斯二世,餐厅,卡德夫
伦纳德,灵界,卡尔德隆城,金币,魂体,信使,掠夺者,红光,索斯特,缇尼科尔
唐泰斯,会客室,道恩,艾伦,一趟,助学,医生,奥黛丽,基金,前期
加尔文,上校,婴儿,马赫特,皮箱,昂赛汀,威尔,议员,婴儿车,紫花
坦语,理查德森,情节,南大陆,章节,马赫特,贴身,异域,第四部,回来后
阿罗德斯,阿蒙,仙侠,蛤蟆,心理,魔镜,主人,炼金,伟大,王室
阿蒙,分身,潮流,时代,三页,渎神者,女王,时天使,塔罗,担忧
大帝,深渊,神父,日记,倍芒,恒星,教堂,映射,岛上,小城
卡尔德隆城,工匠,怨灵,魔术师,隐者,月亮,埃姆林,倒吊,罗塞尔大帝,星空
委员,赫温,兰比斯,王室,自杀案,炼金,评议团,陵寝,丘纳斯,卡隆
安德森,达尼兹,坦语,飞空艇,菜单,西拜朗,口琴,蒂斯语,猪肘,贝伦斯
飞空艇,安全带,女王,军官,戴莉,信使,焊接,掠夺者,阿兹克,选项
瓦列尔,戴莉,词典,安德森,休息室,戴里克,前任,拳套,巡逻,首席
首席,科林,戴里克,阿蒙,伊利亚特,长老,白银城,洛薇雅,小虫,圆塔
科林,伊利亚特,白银城,祭坛,符咒,猎魔者,怪物,两千五百八十三年,教材,戴里克
韦特,航道,巨弓,灵界,洛薇雅,暴海,河流,科林,陵寝,穿行
黑皇帝号,壮汉,普利兹号,小船,韦特,博多港,五海,热战,布告,纳斯特
黑雾,陵寝,棺材,纸人,阿兹克,羽毛,韦特,油污,白色,铜哨投影
前任,科林,首席,夏尔夫,伊利亚特,博多港,洛薇雅,阿尔杰,形态,工匠
达尼兹,通晓,安德森,夏尔夫,符咒,考试,语言,学者,阿尔杰,摆件
前任,首席,细管,死神,长老,白银城,人造,可疑,洛薇雅,牧羊人
旅客,客轮,天象,可疑,狂暴海,长枪,码头,诡计,哈尔曼,港口
伦纳德,赞格,因斯,帕列斯,索罗亚斯德,威尔,老头,复仇,行踪,平斯特街7号
小女孩,古拉因城,坦语,酒吧,坏蛋,棺材,秘偶奥夫,奥夫,本地,广场
乌利卡,尖牙街,恩佐,索斯特,肤色,死灵,睡意,香烟,戴莉,小女孩
恩佐,奥夫,秘偶奥夫,火柴,戒指,护栏,阶梯,赢家,正装,街道
灾祸,恩佐,教士,秘偶,怪物,被动,幸运,命运,反占卜,乔装
戒指,秘偶恩佐,光门,光球,走出去,蠕虫,嘉德丽雅,画面,上将,装扮
工匠,夏尔夫,嘉德丽雅,阿尔杰,秘偶,希斯,玫瑰,学派,倒吊,上将
阿兹克,蘑菇,饥饿,路德维尔,蠕动,秘偶恩佐,手套,几朵,梦境,地狱上将
阿兹克,路德维尔,地狱上将,死神,戒指,人造,甲板,狂暴海,执政官,方型
阿兹克,封地,人生,城堡,孩子,记忆,儿子,孝顺,花环,一次次
阿兹克,羽蛇,死神,人造,苍白,饰品,灵魂,窃运者,呼喊,死鱼
阿兹克,附录,人生,一半,狂暴海,鸟型,另一半,缺失,抽出,等级
死神,路德维尔,看门人,标记,冥界,亡灵,阿兹克,直呼,收尸人,沟通
执政官,教团,路德维尔,古堡,佛尔思,死亡,伦纳德,索斯特,死神,地狱
阿尔杰,地狱上将,嘉德丽雅,路德维尔,蚊虫,白纸,执政官,上将,死亡天使,哒哒哒
冥界,路德维尔,降灵,地狱上将,看门人,无线电,卡尔德隆城,莫瑞亚,收报机,通灵
夏尔夫,蘑菇,工匠,嘉德丽雅,阿尔杰,毒蘑菇,原始,希斯,上将,月亮
夏尔夫,工匠,嘉德丽雅,阿尔杰,几滴,原始,剧毒,有时,月亮,信徒
卡尔德隆城,加尔德街,缇尼科尔,蕾妮特,侦察,便签纸,贝克兰德希尔斯顿区,莎伦,一到两个月,恩佐
海之言,手杖,银白金属,恩佐,暴君,权杖,卡尔德隆城,卡尔德隆,饥饿,避雷针
恩佐,卡尔德隆,路德维尔,赢家,卡尔德隆城,三重,权杖,冠冕,海之言,地狱上将
恩佐,圆盘,大锤,赢家,墓碑,法衣,掠夺者,卡尔德隆,权杖,三重
掠夺者,灵界,无形人,权杖,暴君,卡尔德隆,乌云,灵体,聚成,光束
掠夺者,卡尔德隆,灵界,暴君,泡沫,魂体,权杖,对调,窃运者,上涨
极光,安德森,赞格,因斯,达尼兹,起泡,小心灵,仆人餐,甜酒,教团
人造,赞格,死神,因斯,教团,神派,造死,威尔,塔西布,帕伦克
赞格,因斯,威尔,恶灵附身,恶灵,魂体,掠夺者,教团,驱除,路德维尔
恶灵,戴莉,伦纳德,冥界,领地,生前,活动范围,赞格,因斯,写诗
恶灵,因斯,猎人,赞格,诡术邪怪,威尔,红天使,西拜朗,首席,附身
安德森,达尼兹,西港,六月,阿尔杰,咖啡,水手们,海盗,船长,水手
婴儿,威尔,赞格,因斯,哒哒哒,杖头,无线电,一截,一滴,昂赛汀
诺斯城,科林,古娜露恩,里格,图画,变形者,照亮,班西港,伊利亚特,坍塌
索斯特,因斯,戴莉,赞格,辛迪,恶灵附身,威尔,伦纳德,电报,猎人
变形者,科林,诺斯城,戴里克,营地,洛薇雅,伊利亚特,诡术邪怪,古娜露恩,里格
赞格,因斯,威尔,戴莉,索斯特,霍恩,艾因,红手套,巧合,恶灵
尸骨,神父,安德森,赞格,因斯,威尔,戴莉,乌洛琉斯,达尼兹,广场
赞格,因斯,威尔,广场,路德维尔,地狱上将,厄难,恶灵,索伦,守夜人
因斯,赞格,窃运者,威尔,红天使,冥界,恶灵,路德维尔,符咒,艾因
赞格,因斯,威尔,戴莉,西蒙妮,男人,伦纳德,雷击,老头,轰隆
赞格,因斯,威尔,伦纳德,戴莉,米切尔,发丝,轰隆,丧钟,扳机
第四部,升级,紧迫感,蚕茧,蠕虫,戴莉,张力,节奏,伦纳德,因斯
奥黛丽,督察,谋杀案,黑鬓,墙壁,警员,家人,哥哥们,摆手道,三百年
光门,蚕茧,穿越者,奥黛丽,人生,忏悔室,灰云,地球,赞格,因斯
加点,穿越者,潜意识,卡西米,古神,抱枕,夏塔丝,埃姆林,红祭司,辛香料
塞西玛,安东尼,因斯,赞格,佛尔思,克雷斯泰,圣安东尼,伊丽娅,药剂,威尔
伦纳德,帕列斯,索罗亚斯德,塔罗牌,威慑,定期,代号,莫雷蒂,聚会,寄生
安德森,达尼兹,哈吉斯,蚕茧,玻璃片,广场,血浆,卫兵,唐泰斯,府邸
梅桑耶斯,哈吉斯,卢卡,坦语,人骨,唐泰斯,楼梯,卫兵,将军,黄金天使
古堡,佛尔思,城堡,阶梯,修建,莱曼诺,通向,怨灵,藤蔓,开辟
怨灵,佛尔思,骑士,花哨,莱曼诺,女性,旅行,笔记,长裤,滑过
佛尔思,黑斑,诅咒物,怨灵,拍击,尘埃,青铜,流鼻血,乓乓,大门
哈吉斯,卢卡,唐泰斯,道恩,古堡,卫兵,皮箱,安乐椅,写法,鲁恩语
隐者,奥黛丽,比较,星星,倒吊,月亮,聚会,伦纳德,审判,个子
伦纳德,星星,王庭,审判,隐者,聚会,巨人,倒吊,工匠,诺斯古城
唐泰斯,道恩,审判,星星,伦纳德,眷者,正义,身份,有时候,奥黛丽
亚当,神位,神话人物,第五纪,星星,空想天使,神道,距离,赞格,因斯
亚当,空想天使,赞格,因斯,组织,隐者,威尔,塔罗,阿尔杰,名字
恶灵,月亮,星星,伦纳德,战争天使,大人物,埃姆林,亚当,梅迪奇,怨灵
帕列斯,老头,伦纳德,亚当,索罗亚斯德,梅迪奇,图铎,亚利斯塔,阿蒙,苍老
阿尔弗雷德,哈吉斯,路德维尔,军火,帕格尼,道恩,梅桑耶斯,唐泰斯,仓库,看门人
小女孩,金条,阿尔弗雷德,学生,贝克兰德技术大学,列车,列车员,八颗,混血,校园
列车长,值班,经理,为首,列车,车厢,布娃娃,督察,恩佐,驾驶员
布娃娃,邪教徒,纸人,附身,红肿,代罚者,月光,卡拉曼,死神,小块
埃姆林,欧内斯,卡西米,奥尔默,大人,古堡,公爵,血族,坟墓,博雅尔
伊思兰特,奥黛丽,希尔伯特,斯蒂芬,欧内斯,鲁恩慈善助学基金,募捐,博雅尔,催眠师,委员
伯德,马斯坦,红头海雕,黑皇帝号,客轮,纳斯特,五海,单筒,幻术,望远镜
纳斯特,黑皇帝号,五海,客轮,红头海雕,罗塞尔大帝,大帝,晚年,暗红光芒,伯德
乌特拉夫斯基,神父,欧内斯,埃姆林,奥黛丽,斯蒂芬,博雅尔,汉普雷斯,安妮,兰比斯
赫温,兰比斯,奥黛丽,岛屿,潜意识,心灵,自我意识,扮演,意识,集体
兰比斯,赫温,恩尤尼,瓦尔特,男仆,助理,庄园,雇主,管家,道恩
布雷恩,帕特里克,教团,人造,造死,神派,死神,神谕,海特尔,领导
布雷恩,帕特里克,皇室派,死神,成衣,教团,神眷者,唤醒,愚昧,圣徒
特莉丝,礼物,老鼠,下水道,帽饰,人造,圆球,塞尼奥尔,羽毛,南大陆
艾伦,威尔,礼物,维尔玛,帽饰,护身符,夫妇,婴儿车,乌珞琉斯,涂画
寄宿,伦纳德,安东尼,飞虫,马赫特,婴儿车,对象,帕列斯,寄生,索罗亚斯德
海柔尔,老鼠,庄园,老师,幻境,厨房,郊外,女仆,格德,马赫特
老鼠,秘偶,诡法师,巨型,灵体,窃取,赋予,偷盗者,操纵,转化
大树,阿蒙,赢家,变异,虫豸,恩尤尼,雅各,水晶眼镜,怨毒,灌木
阿蒙,伦纳德,偷盗者,阿蒙新,野狼,红祭司,帕列斯,伯克伦德街,索罗亚斯德,恩尤尼
阿蒙,分身,伦纳德,偷盗者,举报,帕列斯,索罗亚斯德,寄生,诡法师,眷者
阿蒙,帕列斯,分身,伦纳德,偷盗者,索罗亚斯德,伯克伦德街,老头,寄生,符咒
海之言,绿华,鱼人,子弹,袖钉,日记,伦纳德,戒指,贝尔纳黛,清仓
血族,埃姆林,月亮,母神,惩戒,魔术师,大地,退还,古堡,情报费
星星,血族,月亮,催眠,战利品,惩戒,正义,埃姆林,审判,倒吊
兰比斯,赫温,奥黛丽,地位,倒吊,心理,贵族,引导,理念,神教
祈求,冰块,人造,黑暗,昂赛汀,威尔,扰动,分身,隐者,阿蒙
阿里安娜,纹章,第二代,礼花,阿罗德斯,帕列斯,全身镜,索罗亚斯德,天使位,教廷
两枚,子弹,阿罗德斯,殿堂,蠕虫,帕特里克,魔镜,两条,学者,信纸
伦纳德,伊恩,帕列斯,索罗亚斯德,博雅尔,欧内斯,任务,埃姆林,红眼睛,安抚
夏尔夫,道尔,希斯,伊恩,嘉德丽雅,弗兰克,连体人,工匠,埃姆林,鬼祟
加尔文,上校,艾弥留斯,筹码,上将,利维特,道恩,梅桑耶斯,议员,马赫特
筹码,艾弥留斯,底牌,丘纳斯,加尔文,科尔格,黑桃,加注,道恩,上校
加尔文,圆塔,黑暗,无光,丘纳斯,科林,纯粹,科尔格,雪茄,副处长
谢尔曼,特莉丝,拉里维钢铁公司,马车,公共,教唆,纸袋,一辆,脚踏车,多根
埃姆林,玫瑰,学派,血族,马里奇,老鼠半神,海柔尔,莎伦,阿蒙,缇尼科尔
欧内斯,圣希尔兰广场,博雅尔,埃姆林,圣希尔兰,米斯特拉尔,圣乔治区,无名指,广场,无轨
欧内斯,米斯特拉尔,博雅尔,埃姆林,车夫,赔偿,血族,怀特,自行车,几辆
欧内斯,博雅尔,工作人员,奥黛丽,催眠,琴声,钟声,米斯特拉尔,鲁恩慈善助学基金,包厢
海柔尔,阿蒙,老鼠,伯克伦德街,马赫特,眼镜,帕列斯,单片,索罗亚斯德,议员
阿蒙,单片,老鼠,眼镜,海柔尔,分身,花园,秘偶,寄生,伯克伦德街
虚影,阿蒙,单片,石刻,眼镜,壁钟,伯克伦德街,转轮,千纸鹤,指针
海柔尔,寄生,阿蒙,奥黛丽,马赫特,催眠,男佣,议员,佣人,治疗
分身,阿蒙,窃运者,雅各,伯克伦德街,阿里安娜,塔罗日,寄生者,帕列斯,伦纳德
欧内斯,埃姆林,血族,博雅尔,学者,层级,月亮,丰收,子爵,战利品
月亮,埃姆林,战利品,弗兰克,蘑菇,现金,周三晚上,大王,十一点,星星
贝尔纳黛,女王,秋千,罗塞尔大帝,藤蔓,陵寝,预言,日记,第九座,西方
符咒,昨日,重现,子弹,三枚,光门,试试,两枚,周末,庄园
弗莱,蘑菇,伦纳德,队长,夏尔夫,好久不见,罗珊,渔村,肚窗,弗兰克
冰块,细胞,埃姆林,科林,义工,乌特拉夫斯基,神父,大脑,伊利亚特,中秋
奥黛丽,赫温,兰比斯,鸟妖,波特兰,战争,人头,校长,少女,唐泰斯
雪曼,帕特里克,斯特福德,缇妮科尔,子爵,布雷恩,女子,神派,造死,侧门
庄园,弗兰米,动力车,玫歌,丘纳斯,自酿,马赫特,年份,科尔格,海柔尔
谢尔曼,雪曼,隐身,心理学,马车,佛尔思,特莉丝,跟踪,出租,莱曼诺
雪曼,斯特福德,特莉丝,子爵,谢尔曼,仓库,南岸,佛尔思,塔索克河,玫歌
斯特福德,科尔格,丘纳斯,子爵,特莉丝,仓库,跟踪,全身镜,雪曼,幽芒
谢尔曼,阴冷之刃,斯特福德,佛尔思,木箱,子爵,光辉十字架,铜绿,十字架,仓库
斯特福德,子爵,雪曼,谢尔曼,佛尔思,阴冷之刃,十字架,绿色,锁链,莱曼诺
斯特福德,子爵,梅森,佛尔思,迪尔,十字架,雪曼,侍卫,偷袭,旅行
科尔格,丘纳斯,阿里安娜,国王,谋划,蓝白格,遗迹,地下,斯特福德,伏击
科尔格,丘纳斯,协奏曲,光与影,随机性,赠予,手枪,放大,夜色,里维尔
科尔格,丘纳斯,禁止,玫歌庄园,协奏曲,砰砰,按钮,光与影,玫歌,怀表
科尔格,丘纳斯,剥夺,秘偶,随机性,异变,子弹,欺瞒,协奏曲,光与影
丘纳斯,科尔格,嘶喊,自救,子弹,里维尔,狂风,绝望,随机性,放大
丘纳斯,科尔格,阿里安娜,遗迹,协奏曲,光与影,地下,秘偶,魂灵,乔治三世
雷达尔,霍拉米克,阿里安娜,安东尼,格罗夫,遗迹,瓦伦丁,大主教,科尔格,圣座
科尔格,丘纳斯,少将,凯奇,弗兰米,雪曼,庄园,客卧,国王,斯特福德
阿里安娜,科尔格,丘纳斯,亚当,十字架,赫温,兰比斯,空想,卡特琳娜,神父
十字架,亚当,绿色,科尔格,无暗十字,丘纳斯,无暗者,上任,印物,有光
赫温,兰比斯,奥黛丽,十字架,三大,无暗十字,通缉,白银城造物主,震荡,报道
隐者,十字架,报纸,绿色,佛尔思,日记,嘉德丽雅,公寓,正义,采购
石板,第二块,太阳神,成神,亵渎,远古,十字架,遗物,时代,租赁
法官,贤者,隐匿,配方,嘉德丽雅,获取,审判,重聚,月亮,遗物
石板,亵渎,过度,第二块,酗酒,帕列斯,伦纳德,索罗亚斯德,兰比斯,赫温
戴里克,科林,遗物,首席,圣级,物主,民国,自行车,猎魔者,双子塔
自行车,莫蒙特,安德森,达尼兹,校长,波特兰,脚踏车公司,奥黛丽,工作人员,股东
莎伦,缇尼科尔,蕾妮特,马里奇,信使,老师,玫瑰,学派,斯厄阿,信纸
玫瑰,学派,血族,莎伦,埃姆林,月亮,奥尔默公爵,负责人,计划,马里奇
异物,特莉丝,安德森,达尼兹,断指,铁血骑士,无暗十字,昼哥,卡特琳娜,吸收
斯特福德,特莉丝,子爵,黄金,面具,黄金面具男,信使,魔女,原初,跟踪
调查,斯特福德,派系,佛尔思,国王,军情,九处,晚安,子爵,符咒
兰比斯,赫温,苏茜,奥黛丽,反常,考验,亚当,安妮,求助,理事
赫温,兰比斯,审判,奥黛丽,隐士,隐者,黄昏,魔术师,入会,正义
赫温,兰比斯,奥黛丽,帽饰,审判,催眠,正义,亚当,格莱林,派入
兰比斯,赫温,奥黛丽,意识,岛屿,催眠,阴鸷,天空,淡蓝,佛尔思
兰比斯,赫温,奥黛丽,催眠,符咒,窃运者,心智体,烧着,月下庄园,操纵
赫温,兰比斯,潜意识,意识,岛屿,集体,心智体,形态,心灵,巨龙
兰比斯,赫温,子弹,放大,秘偶,科尔格,丘纳斯,流星,恩尤尼,赢家
赫温,兰比斯,阿里安娜,乔治三世,会长,国王,天赋,巨龙,隐士,微凉
赫温,兰比斯,阿里安娜,圆筒,三百年,星空,夜幕,催眠师,逐级,雾之魔狼
赫温,兰比斯,雾之魔狼,奥黛丽,福根,催眠师,逐级,国王,全身镜,席卷
一百枚,银色,佛尔思,镜子,阿罗德斯,全身镜,单词,主人,国王,浮动
波特兰,马赫特,议员,海柔尔,莫蒙特,投资,玻璃瓶,实验室,无暗十字,莉亚娜
查理,雷克,米斯特拉尔,玫瑰,埃姆林,马里奇,学派,阴寒,女佣,传递
米斯特拉尔,餐厅,莎伦,蝙蝠,尼拜斯,伯爵,靛蓝,红月,烟雾,翅膀
米斯特拉尔,莎伦,玫瑰,马里奇,学派,陷阱,屋顶,埃姆林,血族,事前
梦境,行者,奥黛丽,修改,气泡,伦纳德,意识,引导,催眠,潜意识
伦纳德,帕列斯,第三纪,索罗亚斯德,星星,风雪,血液,空想,奥黛丽,面具
斯诺曼,修士,正义,十字架,伦纳德,星星,圣坛,神像,太阳神,雄伟
莫贝特,斯诺曼,伦纳德,星星,老头,索罗亚斯德,学生,奥黛丽,寄生,第四纪
莫贝特,陛下,伦纳德,皇帝,伯特利,大人,亚伯拉罕,帝国,纷争,星空
夏塔丝,精灵,莉莉丝,古神,高希纳姆,始祖,投靠,奥尔尼娅,异种王,血族
夏塔丝,精灵,龙泽尔,年代,西大陆,萌芽,东大陆,初代,编年史,奥黛丽
巨人,格罗塞尔,衰败,伦纳德,森林,王庭,奥黛丽,王奥尔米尔,断崖,隧道
潜意识,虚影,集体,奥黛丽,伦纳德,巨人,烙印,海洋,崩溃,十字架
利维希德,奇迹之城,空想,安格尔威德,神国,古神,智慧,深海,城市,潜意识
壁画,空想,巨柱,伦纳德,大厅,巨龙,奥黛丽,乱想,收敛,安格尔威德
壁画,伦纳德,奥黛丽,空想,必将,上演,猎犬,物质,冷酷,神性
封印,伦纳德,空想,王座,正义,奥黛丽,利维希德,奇迹之城,安格尔威德,古神
帕列斯,伦纳德,蚕茧,莫贝特,噗通,索罗亚斯德,操纵师,神位,老头,潜水衣
阿罗德斯,全身镜,银色,封印,单词,魔镜,忠诚,主人,仆人,恩尤尼
多里安,老师,佛尔思,旅行家,科林,秘密通道,背包,戴里克,诅咒,亚伯拉罕
面具,长笛,曦银,持有者,圣级,戴里克,独眼巨口,第四件,人头,首席
曦银,耕种者,长笛,戴里克,布提斯,手杖,较高,负面,白银城,首席
无暗十字,科林,十字架,手杖,恩尤尼,瓦尔特,纽扣,伊利亚特,首席,戴里克
恐怖片,吓唬,帕特里克,麦穗,布雷恩,导演,恩尤尼,女仆,繁殖,诡法师
帕特里克,布雷恩,成衣,死灵,导师,人偶,工厂,泥土,年轻,棺材
首领,海盗,红天使,木头,演习,防空,麦粒,葡萄,恶灵,战争
梅丽莎,地铁,战争,飞空艇,学生们,轰隆,炸弹,舰队,苏尼亚岛,一艘
斯塔琳,卢克,黛西,号外,弗萨克,空袭,教堂,飞空艇,瓦尔特,奥黛丽
查拉图,战争,弗萨克,红天使,兄弟,战神,术士,恶灵,激化,国内
红天使,恶灵,亚利斯塔,皇帝,查拉图,图铎,黑皇帝,遗迹,卡特琳娜,魔女
红天使,恶灵,乔治三世,六神,囤积,皇帝,有违,七神,兄弟,黑皇帝
委托书,奥黛丽,安东尼,查拉图,宣战,唐泰斯,恩尤尼,弗萨克,贴身,前进
朵拉,德鲁伊,嘉德丽雅,夏尔夫,炼金师,弗兰克,达尼兹,理想,被子,宣战
叶戈尔,副官,铁血骑士,海鸟,敲门者,苏尼亚海舰队,尼波斯号,舰队,风帆战列舰,预告
乔治三世,雾霾,魔女,战争,七神,姐姐,七神联盟,接受,教派,结局
贝尔纳黛,女王,贤者,阻止,战争,可笑,关键词,灾难,兄弟,乔治三世
贝尔纳黛,乔治三世,女王,刺杀,思路,成神,失败,渺茫,复活,戴里克
乔治三世,教派,白之魔女,战争,魔女,黄金,面具,佛尔思,记录,默许
巴兹,安德森,达尼兹,塞洛斯岛,短剑,疾病,中将,岛屿,浆糊状,痛恨
巴兹,达尼兹,安德森,奥黛丽,特雷茜,信使,安妮,昏迷,催眠,清晨
鬼影,战争,梅桑耶斯,战地,阿尔杰,乌特拉夫斯基,神父,小丑天使,埃姆林,圣坛
布鲁斯特,卢卡,一滩滩,黑影,书架,形态,罗塞尔,奥黛丽,预言,仇怨
卢卡,布鲁斯特,战争,预言,奥黛丽,末日,伦纳德,斯蒂亚诺黄金盔甲术,黄金,伦堡
隐者,潮流,女王,日记,奥黛丽,战争,十个,嘉德丽雅,时代,成神
记录,小说,传说,魔术师,星星,奥黛丽,佛尔思,笔名,鬼怪,编辑
乌鸦,相近,伦纳德,布提斯,查拉图,帕列斯,索罗亚斯德,星星,潜藏,佛尔思
互换,相近,囚犯,通识者,罪犯,刺客,仲裁,王庭,阿尔杰,隐者
查拉图,帕列斯,索罗亚斯德,伦纳德,阿蒙,老头,四皇,日记,登月,最后一则日记
无名,小岛,班杰明,星空,赫密斯,爱德华兹,源自,污染,日记,地底
佛尔思,邮票,老师,魔术师,班杰明,亚伯拉罕,医院,邮筒,混迹,巷子
达尼兹,安德森,特雷茜,巴兹,疾病,中将,死号,海边,树丛,阴影
特雷茜,卡特琳娜,特蕾茜,母亲,冰晶,魔女,打扰,疾病,一天,妈妈
卡特琳娜,白之魔女,红天使,玻璃窗,恶灵,索伦,梅迪奇,秩序,秘偶,霍恩
卡特琳娜,白之魔女,红天使,乔治三世,恶灵,八座,艾因,霍恩,索伦,魔女
白之魔女,红天使,卡特琳娜,诈唬,恶灵,梅迪奇,索伦,脸颊,魔女,口子
海盗,亚伯拉罕,黄昏,图铎,佛尔思,看上,民主,亚利斯塔,修建,病房
科林,探索,巨人,骑士,戴里克,安提尔娜,洛薇雅,伊利亚特,首席,小队
无暗十字,戴里克,衰败,科林,猎魔者,黄昏,橘红,落日,银灰,两具
巨人,科林,猎魔者,洛薇雅,约书亚,牧羊人,两具,殿堂,探索,戴里克
约书亚,科林,洛薇雅,海因姆,猎魔者,牧羊人,安提尔娜,戴里克,阶梯,堕落
科林,救赎,循环,壁画,蔷薇,乌洛琉斯,洛薇雅,俊美,众人,奥赛库斯
救赎,蔷薇,密谋,弗雷格拉,首席,古神,壁画,陨落,阿曼妮西斯,萨斯利尔
雕像,巨人,科林,直剑,猎魔者,大厅,白银城,洛薇雅,无暗十字,伊利亚特
追猎者,弑光者,米尔贡根,科林,巨人,王庭,骑士,猎魔者,无暗之域,守护
米尔贡根,弑光者,贡根,米尔,科林,猎魔者,王庭,阔剑,雕像,萨斯利尔
米尔贡根,科林,海因姆,戴里克,贡根,米尔,洛薇雅,首席,暗天使,弑光者
戴里克,首席,多洛雷斯,科林,探索,王宫殿,白银城,洛薇雅,伊利亚特,海边
海柔尔,女仆,鲁恩慈善助学基金,佛尔思,邮差,手稿,触须,五天,蚂蚁,容纳
婴儿,昂赛汀,昨日,符咒,唯一性,契机,威尔,胖乎乎,容纳,童年
福根,乌特拉夫斯基,伦纳德,絮化,埃姆林,神父,心脏,警司,结晶,魔狼
福根,特莉丝,贝克兰德医院,时而,连载,源堡,乔治三世,回信,灵界,一封信
包袱,特莉丝,蘑菇,血脉,亚伯拉罕,诱饵,缇尼科尔,蕾妮特,后裔,寄生
深渊,晚年,恶魔们,污染,保护性,大帝,关押,隐者,关押性,嘉德丽雅
巨人,蔷薇,救赎,戴里克,墓穴,尸骸,王庭,巨人王,人类,始祖
蘑菇,牛奶,星星,埃姆林,面粉,血族,保暖,月亮,牛肉,伦纳德
蘑菇,科林,神力,戴里克,伊利亚特,首席,篝火,营地,发丝,白雪
特莉丝,镜中世界,老鼠,魔女,镜子,视野,幽暗,海柔尔,暴毙,发丝
特莉丝,漩涡,陵寝,符号,奇克,三条,血液,幽暗,火光,钢针
蘑菇,戴里克,科林,生命之石,风眷者,洛薇雅,伊利亚特,阿尔杰,白银城,黄发
暗天使,萨斯利尔,源堡,阿罗德斯,母巢,远古太阳神,银色,镜子,魔镜,混沌海
雾气,古代,浓雾,难以捉摸,光斑,遨游,历史,定位,学者,悬吊
学者,古代,历史,借取,影像,召唤,神性,孔隙,纸人,密切
源堡,光门,尊名,眷者,限定,秘偶恩尤尼,地区,保护者,古代,学者
莎伦,学者,打牌,古代,历史,血液,孔隙,影像,查拉图,九件
迦德二世,演讲,特莉丝,血液,蘑菇,牛奶,戴里克,雪曼,乔治三世,教皇
月冕,九种,万能钥匙,宝石,孔隙,影像,非常规,祭坛,罐子,对话
托马斯,班森,梅丽莎,丹尼尔,太太,演讲,拉里,格罗塞尔游记,救济,广场
乔治三世,演讲,默哀,国王,广场,陵寝,皇帝,奥古斯都三世,名义,先生们
陵寝,德林克,奥古斯,执政官,符号,阿兹克,投影,阿霍瓦郡,秘密,贝尔纳黛
陵寝,乔治三世,悬吊,格罗夫,演讲,特莉丝,命运之蛇,教堂,下游,深谷
兔子,影像,缇尼科尔,蕾妮特,陵寝,孔隙,召唤,昨日,隐秘天使,赫密斯
特莉丝,陵寝,轰隆,黑焰,蓝宝石,隐秘天使,乔治三世,孔隙,魔女,冰晶
查拉图,卡特琳娜,孔隙,乔治三世,诚实,红天使,壁画,漩涡,一号,自己处
剧情,第五部,升级,第六部,小克,一部,大纲,故事,触手,结构
阿蒙,源堡,第四句,单片,圆凳,尊名,眼镜,福生,小查拉图,中文
阿蒙,单片,深渊,眼镜,神战,遗迹,遗憾,入口,瀑布,神弃
阿蒙,修道院,单片,眼镜,梦境,木门,神战,漏洞,大片,遗迹
阿蒙,王庭,议会,国王,萨斯利尔,巨人,暗天使,无用,黄昏,军官
阿蒙,灯笼,营地,壁垒,黎明骑士,乔治三世,火光,昏黄,黑暗,源堡
阿蒙,寄生,灯笼,偷走,山丘,旷野,皮制,荒草,自己处,有害
阿蒙,召唤,冰淇淋,孔隙,餐具,缇尼科尔,蕾妮特,一百个,牛排,茶几
兔子,阿蒙,白兔,干粮,诅咒,灯笼,山羊,顶式,变形,祝福
阿蒙,城邦,祝福,萨斯利尔,文明,暗天使,暴打,父亲,几十年,白银城
阿蒙,白昼,城邦,月冕,秘偶们,黑暗深处,畸形,转化,万能钥匙,召唤
阿蒙,光门,单片,桌布,眼镜,贝尔纳黛,存储,神像,时钟,我自己
缇尼科尔,蕾妮特,伦纳德,贝尔纳黛,阿蒙,乔治三世,失踪,帕列斯,女王,查拉图
阿尔杰,弗萨克,小球,船员们,阿蒙,伦纳德,帕列斯,源堡,鱼类,争斗
查拉图,孔隙,阿蒙,召唤,投影,学者,历史,阿里安娜,自杀,古代
投影,阿蒙,军团,孔隙,本体,触手,查拉图,梅迪奇,巨大化,历史
阿蒙,平原,徘徊,命运,独眼,震荡,沟壑,闪电,单片,布拉德尔
源堡,噗通,阿蒙,归位,群星,寄生,地球,光门,欺诈,切尔诺贝利
阿蒙,细管,源堡,死神,虚影,布拉德尔,前任,人造,奇迹,首席
群星,手机,休闲裤,阿蒙,神弃,源堡,片段,秦汉,蚕茧,周明瑞
追订,笔记,塔罗,乔治三世,奇迹师,下午,源堡,剧情,延迟,反馈
穿越者,蚕茧,奇迹师,历史,阿蒙,源堡,切尔诺贝利,重回,三条,远古太阳神
乔治三世,阿蒙,塔罗,隐者,一场游戏,长桌,星星,阿尔杰,正义,雾霾
隐者,乔治三世,七神,嘉德丽雅,炼成,默许,建议,成神,死灵,意见
秘之圣者,隐者,布提斯,战利品,任务,埃姆林,消化,狩猎,嘉德丽雅,佛尔思
欺诈,欺瞒,阿蒙,帕列斯,规则,自然规律,伦纳德,首席,复活,子弹
伊利亚特,科林,阿蒙,复活,分身,白银城,猎魔者,戴里克,小丘,骑士
诺斯,真名,纸鹤,巨蛇,阿蒙,奇迹师,尊名,三段,遗迹,白银城
奇迹师,诡秘,侍者,第三份,满额,冰淇淋,巨蛇,眷者,桃色,尊名
达尼兹,安德森,旅法师,布提斯,佛尔思,铁血骑士,亚伯拉罕,没看过,题目,魔镜
夫人,梦境,老太太,子爵,帕列斯,老头,伦纳德,穿梭,马灯,行者
诺斯,孔隙,淡薄,埃姆林,伦纳德,马灯,输血,雾气,历史,鲜活
斯提弗,圣言天使,诺斯古城,神职人员,亵渎者,阴鸷,孤独,旅行者,诺斯,雕像
阿蒙,乌黯魔狼,神弃,本体,孔隙,源堡,奇迹师,优势,根源,单片
佛尔思,记录,法庭,记录官,法官,闪电风暴,消化,乔治三世,说服,魔术师
阿尔杰,高希纳姆,精灵,天灾,帐篷,歌声,西大陆,水手,王后,两名
阿尔杰,高希纳姆,天灾,精灵,珊瑚宫殿,酒杯,西大陆,王后,女王,水手们
妮娜,梦境,奥黛丽,作假,梳妆台,行者,消化,体验,老年,一万
佛尔思,信使,孔隙,召唤,乌黯魔狼,缇尼科尔,蕾妮特,圣风大教堂,金币,全要
佛尔思,冬礼日,坐标,怜悯,老年,弥撒,小包,一幅,好友,炼金
归宿,潜意识,集体,悲伤,奥黛丽,安宁,大海,操纵师,纪念日,心智体
亚伯拉罕,老师,魔术师,布提斯,佛尔思,奥黛丽,学徒,极光,正义,家族
隐者,嘉德丽雅,秘之圣者,布提斯,魔术师,审判,亚伯拉罕,星星,合理,幽暗圣者
乌黯魔狼,多里安,无法逃避,洞口,亚伯拉罕,作风,迁徙,佛尔思,东方,预支
布提斯,克斯玛,秘之圣者,多里安,亚伯拉罕,幽暗,水晶球,圣者,时而,阴影
布提斯,首饰盒,召集人,旧日,灰姑娘,魔法,秘之圣者,亚伯拉罕,学家,圣者
布提斯,号角,克斯玛,天鹅,秘之圣者,长枪,圣者,闪现,丑小鸭,嘉德丽雅
布提斯,秘之圣者,克斯玛,重启,南瓜,圣者,朗基努斯,长枪,心灵风暴,一扇
布提斯,虚拟,嘉德丽雅,人格,树林,瘟疫,秘之圣者,吐息,闪现,狂躁
布提斯,童话,旧日,嘉德丽雅,仆役,两颗,隐者,眼珠,符咒,大帝
旧日,晶石,赛尔特,随机性,第三层,安东尼,金眼,源堡,祝福,指定
旧日,布提斯,塔罗牌,伦纳德,行囊,旅者,辛迪,口袋,赐予,空间口袋
代号,塔罗牌,提姆,伦纳德,组织,一款,雷达尔,非凡者们,极光,河畔
旧日,隐者,嘉德丽雅,布提斯,秘法师,宝石,童话故事,佛尔思,挑选,女王
多里安,布提斯,旧日,伦纳德,亚伯拉罕,帕列斯,克斯玛,家族,诅咒,宝藏
伦纳德,尸骨,阿蒙,源堡,第一层,教堂,平斯特街7号,帕列斯,旧日,平斯特街
阿蒙,尸骨,帕列斯,伦纳德,成神,教堂,索罗亚斯德,第一层,老头,雅各
多里安,布提斯,佛尔思,旅法师,旧日,学生,眼珠,亚伯拉罕,诅咒,家族
多里安,雷尔夫,阿尔杰,星空,旅法师,学校,特效药,亚伯拉罕,家族,旧日
星之杖,珊瑚,多里安,神之画卷,阿尔杰,油画,人物,深蓝,两件,呈现
阿达尔,月城,狩猎,火光,小队,畸形者,灯笼,鲁斯,肉瘤,成员们
阿达尔,星之杖,食品,年老,诅咒,置身黑暗,雾气,背负,昏黄,迈步
阿达尔,电话,遗民,叫醒,酒店,服务,大章,尼姆,年会,剧情
尼姆,祭司,雾气,阿达尔,大地,月城,拯救者,永恒不变,看守,有时候
霍尔,尼姆,希伯特,伯爵,奥黛丽,粮食,祭司,祭坛,金白,一代
福生,西大陆,福生玄黄天尊,玄黄天尊,尼姆,源堡,灰白,雾气,咒文,月城
阿尔杰,科林,亚恩,考特曼,精灵,希尔蒙,海王,戴里克,王庭,伊利亚特
尼姆,居民们,阿达尔,鲁斯,祭司,月城,篝火,蘑菇,广场,传教士
尼姆,蘑菇,鲁斯,乌黯魔狼,祭司,魔狼,铁黑,深坑,月城,放大镜
弗兰克,卡西米,嘉德丽雅,埃姆林,伯爵,男爵,奥德拉,拉夏,德鲁伊,学派
深坑,幕布,山丘,乌黯魔狼,科塔尔,雾气,秘偶,魔狼,植物,历史
切尔诺贝利,林地,粮食,杜克,蘑菇,农夫们,商人,奥黛丽,太阳神,村庄
切尔诺贝利,研究所,星之杖,马灯,油田,沟壑,浇筑,灰白,铁门,孔隙
阿蒙,混沌海,独立,本体,分身,断崖,月球,欺诈,石板,水泡
旧日,外神,月亮,星空,末日,k们,超越,满月,九大,位阶
奥黛丽,盟友,粮食,正义,开解,马里奇,战争,一分,埃姆林,必将
蘑菇,梅丽莎,埃姆林,食物,市民们,果脯,血族,木盒,妇女,马里奇
尼姆,圣灵,戴里克,祭司,白银城,奥黛丽,洞察,召唤,情感,参观
复仇者号,奥黛丽,粮食,幽蓝,轰隆,战舰,阿尔杰,火球,埃姆林,锐芒
月亮,巫王,埃姆林,神话,乌黯魔狼,玫瑰,学派,假人,陷阱,节制
乌黯魔狼,多疑,马里奇,监控,光点,星空,埃姆林,好久不见,建议,祈祷
埃姆林,缇尼科尔,莎伦,蕾妮特,玫瑰,人偶,四个,巫王,学派,上钩
源堡,士兵,烟草,防线,投影,光门,阿里安娜,恩尤尼,凡尔特克城,一岁
巫王,卡拉曼,星之杖,埃姆林,玫瑰,缇尼科尔,蕾妮特,月光,原始,学派
卡拉曼,巫王,神孽,斯厄阿,莎伦,缚之神,吟诵,埃姆林,无暗,纸人
斯厄阿,神孽,巫王,旧日,缇尼科尔,蕾妮特,卡拉曼,投影,指环,召唤
卡拉曼,巫王,莎伦,木偶,诅咒之源,伤害,神孽,无瞳,月光化,斯厄阿
埃姆林,巫王,无瞳,血液,卡拉曼,人偶,指环,纸人,莎伦,莉莉丝
卡西米,埃姆林,尼拜斯,巫王,血族,嘉德丽雅,乌黯魔狼,祖父,贝尔纳黛,崖壁
斯塔琳,愿望,卢克,贝尔纳黛,嘉德丽雅,许愿,发放,女王,灯神,神灯
游行,霍尔伯爵,面包,伯爵,霍尔,神灯,贴身,许愿,嘉德丽雅,队伍
灯神,源堡,编号,神灯,奇迹师,许愿,福生玄黄天尊,金色,主人,第一纪
乌黯魔狼,科塔尔,历史,本体,祈祷,愿望,孔隙,影像,短毛,年轻人
乌黯魔狼,源堡,星之杖,科塔尔,光斑,深红,石制壁钟,磨成,降临,缇尼科尔
乌黯魔狼,缇尼科尔,蕾妮特,科塔尔,秘偶,愿望,城堡,幕布,吼叫,怨魂附身
棕熊,幕布,乌黯魔狼,那头,秘偶,星之杖,缇尼科尔,蕾妮特,天鹅绒,怨魂
乌黯魔狼,幕布,奇迹师,科塔尔,轰隆,星之杖,缇尼科尔,蕾妮特,愿望,身下
幕布,源堡,侵蚀,造物主,诡秘,奇迹师,卷烟盒,铁制,缇尼科尔,蕾妮特
卡拉特,达尼兹,首领们,埃德蒙顿,反抗军,科林,大人,拳头杵,右臂,等人
亚恩,考特曼,避难所,达尼兹,海王,奥黛丽,罗思德群岛,摸一摸,群岛,猎装
黑铁,格罗塞尔,王庭,巨人,橘红,骨灰,守卫,钥匙,巨型,孔洞
阵地,萨斯利尔,暗天使,王庭,巨人,影子,黑暗,唯一性,士兵,恩尤尼
科林,洛薇雅,伊利亚特,戴里克,飞机,云雾,骑士,巨人,王庭,崎岖
阵地,骑士,正门,联军,台阶,守卫,长毛兔,浓雾,巨人,洛薇雅
恩尤尼,影子,无暗之域,伊利亚特,科林,洛薇雅,浮夸,骑士,秘偶,虚黑
恩尤尼,太阳圣者,影子,科林,伊利亚特,骑士,虚黑,盔甲,锐芒,无暗之域
恩尤尼,无暗,一柄,秘偶,圣者,太阳圣者,科林,骑士,伊利亚特,影子
影子,太阳圣者,恩尤尼,无暗,暗天使,无暗之域,骑士,银白,火柱,盔甲
科林,洛薇雅,伊利亚特,龙化,骑士,战场,弗萨克,奥黛丽,圣希尔兰大教堂,联军
戴里克,安德森,洛薇雅,幽暗,副官,伊利亚特,投降,科林,士兵,最深处
黄铜色,洛薇雅,伊利亚特,暗天使,科林,宝座,萨斯利尔,帘幕,恶魔,阴影
暗天使,混沌海,原初,萨斯利尔,苏醒,黄铜色,宝座,最初,造物主,太阳神
暗天使,萨斯利尔,洛薇雅,混沌海,时天使,阴影,阿蒙,重现,天劫,伊利亚特
萨斯利尔,暗天使,洛薇雅,恶灵,阴影,星之杖,混沌海,帷幕,无暗,锐芒
萨斯利尔,暗天使,伊利亚特,科林,无暗,第一块,盔甲,恶灵,星之杖,石板
石板,巨手,阿蒙,亵渎,橘红,巨镰,黄昏,阴影,瓦解,长剑
第六部,伊利亚特,科林,第七部,第二部,戴里克,剧情,世界观,黄昏,高峰
坎蒂丝,利亚瓦尔,戴里克,长老,造船,探路者,奇迹师,白银城,伯格,铁锅
奇迹师,历史,愿望,涟漪,平衡,人性,形象,迷雾,神们,认知
愿望,奇迹,光门,源堡,奇迹师,满足,战神,蚕茧,大地母神,创造
橘光,坎蒂丝,达尼兹,七光,希拉里昂,殿下,利亚瓦尔,半巨人,老者,灵界
外神,源质,橘光,最初,希拉里昂,母树,靛光,圣热尔曼,侵蚀,阴性
七光,最初,伦纳德,诡秘,威尼坦,黄光,白鸽,白鸽道,福生玄黄天尊,殿下
笼子,梅丽莎,伊康瑟,机械,蒸汽,魔镜,班森,列车,阿罗德斯,金属
战神,阿罗德斯,至上,亵渎,绯红之主,弗萨克,镜子内,投诚,石板,镜子
卡特琳娜,镜子,博诺瓦,红天使,年轻,红纹,男子,魔镜,一两千年,跃下
奥利奇,托比,流浪,愿望,啤酒,魔术师,小女孩,年轻,魔术,酒吧
大地母神,欧弥贝拉,星星,阿尔杰,月亮,埃姆林,始祖,正义,大地,血族
阿尔杰,律令法师,倒吊,愿望,海神,嫁接,位格,换取,退让,复苏
末日,律师,预言,十几年,考试,书荒,赤戟,预科,埃姆林,佛尔思
镜子,魔术,贝尔丹城,阿里安娜,流浪,路线,年轻,康斯顿城,告示牌,布告
罗伊,菲尔,帕莎,拜尔斯,韦伯,贝尔丹,诊所,吊死,超凡,等人
菲尔,帕莎,拜尔斯,罗伊,公告,愿望,断手,布告,贝尔丹,律令
帕莎,阿里安娜,大牧,外乡人,规则,罗伊,处罚,贝尔丹,规律,律令
帕莎,大牧,罗伊,拜尔斯,下水道,贝尔丹,菲尔,宵禁令,布告,魔法师
罗伊,拉里昂,拜尔斯,帕莎,大牧,魔法师,菲尔,规则,贝尔丹,红枫街
执法,规则,主体,处罚,公告,帕莎,明确,源质,黄铜书,罗伊
黄铜书,特伦索斯特,贝尔丹,阿里安娜,悖论,条文,贝尔丹市立图书馆,拜尔斯,处罚,地心
黄铜书,特伦索斯特,书页,拜尔斯,规则,条文,律法,黄铜,条款,严密
幕布,规则,特伦索斯特,拉里昂,黄铜书,阿里安娜,后半,投影,书页,大牧
拜尔斯,贝尔丹,罗伊,帕莎,愿望,战士,赫尔墨斯,法学,市立,许愿
诡秘,侍者,秘偶,灵界,抽象,愚弄,四分之一个,如下,源堡,达尼兹
众人,白银城,戴里克,身高,弗萨克,卡片,两米,达尼兹,坎蒂丝,拜亚姆
油画,佛尔思,恶魔,多里安,秘法师,桃花,封印,记录,桃花源,服食
佛尔思,满月,夜空,亚伯拉罕,标记,秘法师,呼喊,星辉,呼救,脱困
康斯顿城,高炉,亚伯拉罕,外神,魔术师,呼救,林立,星空,建筑,烟囱
埃里克,天文学,望远镜,六道,许愿,梅林,赫尔墨斯,肿胀,愿望,小队
埃里克,韦尔奇,天文学,梅林,赫尔墨斯,望远镜,康斯顿,研修会,潮街,重建
维尔杜,多里安,坎蒂丝,吉诺德,韦特,始祖,戴里克,石材,白银城,探路者
利亚瓦尔,月城,奶糖,白银城,居民们,尼姆,妻子,女儿,阿达尔,遗民们
贝尔纳黛,岛屿,仆役,爱德华兹,膜拜,开阔,原始,五个人,无形,第四个人
仆役,贝尔纳黛,木屋,无形,新生,尸骸,坟场,潮汐,窥秘,岛屿
贝尔纳黛,仆役,爱德华兹,陵寝,无形,预言,石门,膜拜,木屋,陛下
贝尔纳黛,爱德华兹,陵寝,斧头,胎儿,额饰,仆役,贤者,原始森林,噗通
贝尔纳黛,高台,额饰,半身,陵寝,秩序,睫毛,贤者,苍白,趋近
贝尔纳黛,黑影,陵寝,星之杖,隐藏,黑皇帝,空间,模拟,风化,钟声
贝尔纳黛,罗塞尔,新生,血红,符号,苍白,消逝,缝隙,裂开,绘本
罗塞尔,旧日,原始,陵寝,污染,月亮,大帝,岛屿,黑皇帝,外神
罗塞尔,神性,旧日,爸妈,再见,照看,贪恋,太迟,容颜,教义
贝尔纳黛,贤者,希拉里昂,信息,橘光,黎明号,额饰,嘉德丽雅,洪流,灵界
洛雷托,埃姆林,乌特拉夫斯基,神眷者,母神,神恩者,神父,魔鬼,使者,主教
阿尔杰,加西亚,亚伯拉罕,洛雷托,维尔杜,拜亚姆,圣者,月城,海神,传教
贾斯敏,许愿机,愿望,机器,实现,自动,狂欢节,梅林,赫尔墨斯,围巾
贾斯敏,许愿机,汉米尔,自动,愿望,朱莉,太太,便士,梦想,家庭
贾斯敏,警察,许愿机,愿望,自动,母亲,谎言,小偷,美丽,赫尔墨斯
贾斯敏,格蕾,愿望,许愿机,实现,自动,案例,第三个,机器,父母
苏茜,奥黛丽,城市,公园,秘偶,协会,互动,神弃,德雷克,工人
德尔劳,奥黛丽,炼金,心理,赫温,兰比斯,操纵师,鲍利,委托者,会长
德尔劳,傲慢,委员,面具,人格,评议,暴食,暴怒,奥黛丽,色欲
德尔劳,亚当,伊甸园,委员,暴食,空想家,评议,人格,心灵,面具
面具,傲慢,潜意识,集体,奥黛丽,信件,大海,心灵,人格,伦纳德
耕种者,月亮,两条,埃姆林,美神,星空,仲裁,最初,二十二条,理性
空想天使,亚当,拖延,奥黛丽,试探,阿尔杰,正义,埃姆林,罗思德群岛政府,倒吊
罗思德群岛政府,白银城,嘉德丽雅,银城,隐者,戴里克,活化,月城,圣典,传教
弗兰克,母神,金币,堕落,嘉德丽雅,蘑菇,审判庭,仁慈,外神,缇尼科尔
维尔杜,青年,巴德尔,阿尔杰,巨人,报告,拜亚姆,亚伯拉罕,监控,道标
圣典,波恩,敲钟,菲利普斯街,白银城,钟声,阿蒙,巴德尔,戴里克,新月城
城镇,互动,方案,秘偶,圣典,城市,真人,秘偶城镇,外来者,神灵
城镇,广场,圣阿里安娜,白鸽,亚楠,角色,教堂,市政,阿尔弗雷德,秘偶城镇
阿尔弗雷德,西奥多,副官,港口,客轮,翠西,乌托邦港,乘客,下船,扈从
文德尔,乌托邦,列车,列车长,站台,停靠,旅馆,乌托邦港,暴雨,扈从
文德尔,翠西,服务生,文件,旅馆,雨声,文件袋,鸢尾花,机密,争吵
文德尔,乌托邦,站台,机密,列车,工作人员,蒸汽,文件,报告,雨伞
阿尔弗雷德,乌托邦,文德尔,站台,翠西,霍尔,奥黛丽,伯爵,凶杀案,妹妹
乌托邦,潘特克,沼泽,维尔杜,海盗船,走私船,组员们,危险度,副处长,办公楼
翠西,上庭,律师,刑事法庭,防卫,女郎,美丽女郎,体面,乌托邦,诗集
阿尔弗雷德,乌托邦,维尔杜,列车,乘客,站台,文德尔,东拜朗烟,希伯特,内阁
文德尔,乌托邦,拜尔斯,洛克,维尔杜,上校,出庭作证,乘客,车夫,文书
维尔杜,木门,碎石,废墟,水晶球,巨石,三枚,风术,放大镜,吹牛
维尔杜,木门,乌鸦,海盗船,雾气,断续,红天使,影影绰绰,长线,小车
乌托邦,莫妮卡,婚礼,巡游,市政,希伯特,广场,市民们,旅馆,新郎
奥黛丽,希伯特,心灵,村庄,庄园,赫德拉克,阿尔弗雷德,巨龙,纹身,道理
文德尔,乌托邦,艾瑞霍格,利维希德,巨龙,奥黛丽,奇迹之城,盥洗室,巨龙王,上庭作证
艾瑞霍格,白兔,暴怒,噩梦,文德尔,迷宫,巨型,编织,心灵,巨龙
艾瑞霍格,乌托邦,亚当,拜尔斯,文德尔,赫密斯,圣阿里安娜,投影,人偶,源堡
亚当,旧日,唯一性,阿蒙,源堡,空想家,十字,木桩,石板,十字架
亚当,唯一性,空想家,空想,远古太阳神,两份,分离,石板,第二块,复活
源质,亚当,唯一性,旧日,支柱,母巢,母神,归一者,时空,堕落
维尔杜,亚当,战争,伟大,献祭,秘法师,炽白,亚伯拉罕,赐予,触手
灯神,愿望,血肉之门,维尔杜,符号,淡金,光球,神灯,许愿,传出
乌托邦,失效,亚当,希尔蒙,荣耀,韦特,秘偶,尸骨,神级,戴里克
查拉图,源堡,幕布,九种,乌托邦,诡秘,弃职,侍者,雷霆,特产
血肉之门,伯特利,灵界,诡秘,亚伯拉罕,阿尔杰,侍者,乌托邦,城镇,查拉图
查拉图,第七部,古斯塔夫,亚当,罗塞尔,小克,自救,血肉之门,一部,石板
莫妮卡,文德尔,乌托邦,门窗,鸢尾花,维洛斯,多里安,博物馆,旅馆,洞开
主屋,亚伯拉罕,维洛斯,阿尔杰,阿尔弗雷德,庄园,佛尔思,家族,虚拟,臂弯
诡秘,源堡,愚弄,侍者,唯一性,容纳,分身,再生,历史,阿蒙
昂赛汀,乌洛琉斯,愚弄,保姆,威尔,帷幕,魔镜,容纳,第二块,十字架
安提哥努斯,命运,投影,源堡,容纳,唯一性,天尊,承接,降生,先祖
饰品,阿蒙,艾因,霍恩,鸟型,河水,红天使,责任感,梅迪奇,皇冠
白兔,巨型,拿回来,达尼兹,亲人,暴怒,乌托邦,调回,奥黛丽,嫁接
伦纳德,帕列斯,玫瑰,寄生,学派,索罗亚斯德,老头,乌特拉夫斯基,神父,主管
查拉图,班森,婚约,缔结,露丝,圣坛,第兰,新娘,奇迹师,牧师
奥黛丽,糕点,红茶,神性,丝巾,露台,心理治疗,催眠,人性,心灵世界
奥黛丽,岛屿,一类,面具,分割,心灵,丝巾,一手,心理治疗,浅白
鲍利,德尔劳,伊甸园,兽欲,十字架,巨龙,动物们,轮椅,灰白色,傲慢
伊甸园,十六年,红眼,马里奇,露台,源堡,缇尼科尔,末日,蕾妮特,律令法师
石碑,支流,卡尔德隆,深坑,源堡,鸟型,水流,棺椁,灰白,底部
支流,萨林格尔,河水,鸟型,饰品,格蕾嘉莉,巨鸟,河底,徘徊,黄金
上帝,诡秘,源质,西大陆,天尊,支柱,旧日,聚合,封印,混沌海
金币,投影,外神们,k们,旧日,诡秘,梦境,人性,阿蒙,唯一性
海神,容纳,阿尔杰,唯一性,中立,阿蒙,权杖,贤者,隐匿,母树
愿望,神灯,贝尔纳黛,许愿,盏灯,权属,灯神,次数,源堡,背负
峰顶,分身,秘偶,夜之国,亡者,先祖,城镇,安提哥努斯,永眠,石椅
安提哥努斯,姐姐,魔狼,特伦索斯特,唯一性,阿曼妮西斯,弗雷格拉,石椅,黄铜书,容纳
安提哥努斯,永眠,烙印,福生玄黄天尊,星界,容纳,卢卡,意志,唯一性,诡秘
星界,斑块,空想家,棺椁,混沌海,唯一性,棱镜,巨镰,旧日,石板
阿蒙们,k们,永眠,呓语,贤者,唯一性,隐匿,分身们,文明,一层层
烙印,阿蒙,窃取,安提哥努斯,自我意识,诡秘,意志,黄铜书,k们,特伦索斯特
阿蒙们,诡秘,永昼,本体,k们,永眠,复苏,调用,窃取,复活
安提哥努斯,阿蒙们,自杀,窃取,真身,特伦索斯特,阿蒙,体内,诡秘,烙印
真身,星界,阿蒙,源堡,达尼兹,电报,拍发,稳定,完蛋,诡秘
阿蒙,源堡,神国,暗红木门,单片,解密,盟友们,眼镜,漏洞,稳定
阿蒙,特伦索斯特,灯神,偷盗,黄铜书,愚弄,单片,许愿,寄生,纸人
阿蒙,恒星,灯神,嫁接,愚弄,特伦索斯特,黄铜书,源堡,概念,痴愚
愚弄,牢笼,阿蒙,窃取,源堡,椭圆,诡秘,权柄,单片,毁灭
诡秘,阿蒙,源堡,草莓,触手,阿蒙们,错误,权柄,单片,星门
磨成,星光,永眠,诡秘,水晶,意志,融合,阿蒙,单片,源堡
契机,漫游,贝尔纳黛,威尔,容纳,神灯,许愿,眼泪,抽噎,昂赛汀
传播,委托,量产,征服者,红祭司,报酬,保护好,月亮,愿望,塑造
任务,蚕茧,伦纳德,星星,唯一性,光门,期间,白骨信,原初,那一个个
摩斯苦修会,嘉德丽雅,弗兰克,贤者,隐匿,支柱,女王,游离,练武,佛尔思
帕列斯,索罗亚斯德,伦纳德,诗集,老头,埃姆林,天赋,救世主,球门,乌特拉夫斯基
阿尔杰,阿尔弗雷德,奥黛丽,礼物,苏茜,希伯特,保护好,达尼兹,主教,使者
小女孩,姑姑,梅丽莎,阳光,模仿,一封,书信,棺椁,记起,滑腻
